주,검색량
2019-08-04,9
2019-08-11,6
2019-08-18,10
2019-08-25,6
2019-09-01,9
2019-09-08,11
2019-09-15,0
2019-09-22,7
2019-09-29,13
2019-10-06,7
2019-10-13,11
2019-10-20,0
2019-10-27,0
2019-11-03,0
2019-11-10,5
2019-11-17,5
2019-11-24,4
2019-12-01,0
2019-12-08,0
2019-12-15,22
2019-12-22,6
2019-12-29,10
2020-01-05,5
2020-01-12,3
2020-01-19,7
2020-01-26,6
2020-02-02,6
2020-02-09,0
2020-02-16,8
2020-02-23,0
2020-03-01,4
2020-03-08,3
2020-03-15,5
2020-03-22,7
2020-03-29,3
2020-04-05,0
2020-04-12,0
2020-04-19,6
2020-04-26,0
2020-05-03,0
2020-05-10,18
2020-05-17,0
2020-05-24,0
2020-05-31,8
2020-06-07,0
2020-06-14,15
2020-06-21,10
2020-06-28,9
2020-07-05,11
2020-07-12,13
2020-07-19,16
2020-07-26,48
2020-08-02,17
2020-08-09,25
2020-08-16,15
2020-08-23,13
2020-08-30,20
2020-09-06,40
2020-09-13,29
2020-09-20,27
2020-09-27,27
2020-10-04,41
2020-10-11,39
2020-10-18,35
2020-10-25,41
2020-11-01,36
2020-11-08,35
2020-11-15,28
2020-11-22,36
2020-11-29,23
2020-12-06,25
2020-12-13,20
2020-12-20,29
2020-12-27,23
2021-01-03,30
2021-01-10,35
2021-01-17,25
2021-01-24,30
2021-01-31,37
2021-02-07,34
2021-02-14,41
2021-02-21,36
2021-02-28,33
2021-03-07,36
2021-03-14,39
2021-03-21,35
2021-03-28,44
2021-04-04,40
2021-04-11,38
2021-04-18,41
2021-04-25,23
2021-05-02,27
2021-05-09,31
2021-05-16,28
2021-05-23,29
2021-05-30,36
2021-06-06,45
2021-06-13,64
2021-06-20,66
2021-06-27,57
2021-07-04,64
2021-07-11,44
2021-07-18,47
2021-07-25,60
2021-08-01,40
2021-08-08,59
2021-08-15,35
2021-08-22,56
2021-08-29,90
2021-09-05,67
2021-09-12,55
2021-09-19,56
2021-09-26,77
2021-10-03,57
2021-10-10,55
2021-10-17,62
2021-10-24,38
2021-10-31,41
2021-11-07,34
2021-11-14,34
2021-11-21,52
2021-11-28,44
2021-12-05,41
2021-12-12,39
2021-12-19,34
2021-12-26,53
2022-01-02,61
2022-01-09,72
2022-01-16,75
2022-01-23,85
2022-01-30,77
2022-02-06,78
2022-02-13,100
2022-02-20,90
2022-02-27,69
2022-03-06,92
2022-03-13,71
2022-03-20,89
2022-03-27,81
2022-04-03,89
2022-04-10,79
2022-04-17,75
2022-04-24,95
2022-05-01,91
2022-05-08,66
2022-05-15,83
2022-05-22,92
2022-05-29,81
2022-06-05,81
2022-06-12,74
2022-06-19,92
2022-06-26,100
