국가,방한 외래관광객,연월
미국,55444,202206
태국,16822,202206
필리핀,15139,202206
베트남,12884,202206
중국,12741,202206
싱가포르,10462,202206
인도네시아,8265,202206
캐나다,7231,202206
일본,5855,202206
미얀마,5275,202206
인도,5160,202206
독일,5000,202206
카자흐스탄,4732,202206
러시아,4400,202206
프랑스,4191,202206
호주,4147,202206
몽골,3864,202206
영국,3495,202206
말레이시아,3415,202206
네팔,3197,202206
우즈베키스탄,3152,202206
네덜란드,2011,202206
캄보디아,1667,202206
터키,1594,202206
스리랑카,1438,202206
이탈리아,1339,202206
방글라데시,1213,202206
우크라이나,1096,202206
대만,1008,202206
폴란드,1001,202206
뉴질랜드,967,202206
스페인,901,202206
스웨덴,785,202206
파키스탄,725,202206
브라질,716,202206
홍콩,662,202206
벨기에,563,202206
스위스,552,202206
사우디아라비아,552,202206
멕시코,549,202206
핀란드,505,202206
노르웨이,472,202206
덴마크,453,202206
이스라엘,444,202206
키르기스스탄,442,202206
오스트리아,437,202206
루마니아,425,202206
그리스,405,202206
에티오피아,400,202206
아랍에미리트,392,202206
아일랜드,356,202206
이집트,335,202206
포르투갈,307,202206
남아프리카공화국,307,202206
불가리아,285,202206
헝가리,265,202206
체코,228,202206
콜롬비아,202,202206
모로코,194,202206
이란,190,202206
요르단,166,202206
타지키스탄,165,202206
칠레,161,202206
리투아니아,147,202206
크로아티아,146,202206
시리아,140,202206
슬로바키아,133,202206
아르헨티나,119,202206
동티모로,118,202206
라오스,109,202206
이라크,104,202206
아제르바이잔,102,202206
라트비아,100,202206
그루지아,96,202206
튀니지,94,202206
케냐,89,202206
세르비아,88,202206
나이지리아,84,202206
카타르,83,202206
쿠웨이트,78,202206
가나,77,202206
페루,71,202206
레바논,71,202206
리비아,67,202206
예멘,64,202206
파라과이,62,202206
오만,51,202206
몬테네그로,48,202206
에콰도르,46,202206
에스토니아,42,202206
코스타리카,41,202206
탄자니아,40,202206
베네수엘라,39,202206
슬로베니아,39,202206
룩셈부르크,37,202206
코트디부아르,34,202206
아프가니스탄,34,202206
벨라루스,33,202206
피지,33,202206
알제리,32,202206
사이프러스,31,202206
바레인,31,202206
브루나이,29,202206
자메이카,24,202206
세네갈,24,202206
수단,24,202206
엘살바도르,20,202206
파나마,19,202206
모잠비크,19,202206
팔레스타인,18,202206
도미니카 공화국,18,202206
우간다,17,202206
모리셔스,17,202206
과테말라,16,202206
짐바브웨,16,202206
몰타,15,202206
몰도바,14,202206
아이슬란드,13,202206
세인트 킷츠 네비스,13,202206
카메룬,13,202206
라이베리아,12,202206
르완다,12,202206
말리,11,202206
도미니카연방,11,202206
부탄,11,202206
알바니아,11,202206
온두라스,10,202206
트리니다드ㆍ토바고,9,202206
잠비아,9,202206
콩고민주공화국,9,202206
우르과이,9,202206
보스니아ㆍ헤르체고비나,9,202206
부르키나 파소,8,202206
보츠와나,8,202206
부룬디,8,202206
앙골라,7,202206
카보베르데,7,202206
마다가스카르,7,202206
마카오,7,202206
몰디브,6,202206
앤티가 바부다,6,202206
쿠바,6,202206
니제르,6,202206
키리바시,6,202206
볼리비아,5,202206
베냉,5,202206
아르메니아,5,202206
나미비아,5,202206
투르크메니스탄,5,202206
아이티,4,202206
스와질랜드,4,202206
바베이도스,4,202206
팔라우,4,202206
유고슬라비아,4,202206
시에라리온,4,202206
기니,4,202206
세이셸,4,202206
니카라과,3,202206
벨리즈,3,202206
레소토,3,202206
적도 기니,3,202206
리히텐슈타인,2,202206
감비아,2,202206
말라위,2,202206
콩고,2,202206
토고,2,202206
파푸아뉴기니,2,202206
기니비사우,2,202206
세인트 빈센트 그레나딘,2,202206
모리타니,1,202206
산마리노,1,202206
안도라,1,202206
그레나다,1,202206
미크로네시아,1,202206
가봉,1,202206
바하마,1,202206
지부티,1,202206
마케도니아,1,202206
미국,42490,202205
필리핀,14119,202205
중국,11253,202205
태국,8772,202205
캐나다,7053,202205
싱가포르,6776,202205
베트남,6429,202205
인도네시아,5643,202205
미얀마,5613,202205
독일,4712,202205
인도,4250,202205
프랑스,4199,202205
일본,3701,202205
호주,3613,202205
러시아,3515,202205
영국,3103,202205
카자흐스탄,2967,202205
말레이시아,2432,202205
우즈베키스탄,2275,202205
네팔,2129,202205
터키,2020,202205
네덜란드,1986,202205
캄보디아,1646,202205
이탈리아,1312,202205
몽골,1161,202205
방글라데시,1095,202205
우크라이나,1046,202205
폴란드,853,202205
스페인,814,202205
뉴질랜드,811,202205
대만,786,202205
스리랑카,757,202205
파키스탄,609,202205
멕시코,586,202205
브라질,575,202205
오스트리아,540,202205
벨기에,527,202205
스웨덴,526,202205
스위스,476,202205
덴마크,461,202205
이스라엘,445,202205
그리스,420,202205
사우디아라비아,414,202205
루마니아,413,202205
핀란드,409,202205
에티오피아,394,202205
노르웨이,382,202205
남아프리카공화국,361,202205
라오스,357,202205
홍콩,307,202205
아일랜드,282,202205
아랍에미리트,279,202205
헝가리,266,202205
포르투갈,253,202205
키르기스스탄,252,202205
불가리아,251,202205
이집트,242,202205
콜롬비아,192,202205
모로코,186,202205
나이지리아,174,202205
체코,167,202205
타지키스탄,159,202205
동티모로,157,202205
크로아티아,144,202205
이란,138,202205
아제르바이잔,138,202205
아르헨티나,112,202205
라트비아,108,202205
리투아니아,107,202205
아이티,106,202205
시리아,99,202205
칠레,97,202205
페루,93,202205
이라크,91,202205
튀니지,85,202205
리비아,83,202205
케냐,80,202205
카타르,80,202205
요르단,78,202205
에콰도르,77,202205
슬로바키아,71,202205
몬테네그로,69,202205
오만,65,202205
세르비아,64,202205
가나,50,202205
레바논,48,202205
탄자니아,46,202205
에스토니아,45,202205
쿠웨이트,44,202205
예멘,41,202205
슬로베니아,41,202205
베네수엘라,37,202205
알제리,36,202205
그루지아,35,202205
카메룬,31,202205
파라과이,30,202205
벨라루스,30,202205
룩셈부르크,29,202205
아이슬란드,29,202205
도미니카 공화국,28,202205
알바니아,23,202205
우간다,23,202205
코스타리카,23,202205
콩고민주공화국,21,202205
수단,19,202205
파나마,19,202205
엘살바도르,19,202205
사이프러스,18,202205
앙골라,18,202205
말리,17,202205
피지,17,202205
과테말라,16,202205
바레인,15,202205
온두라스,14,202205
볼리비아,14,202205
자메이카,13,202205
모리셔스,13,202205
브루나이,13,202205
아프가니스탄,12,202205
짐바브웨,12,202205
우르과이,12,202205
르완다,12,202205
트리니다드ㆍ토바고,12,202205
세네갈,10,202205
부탄,10,202205
레소토,10,202205
말라위,8,202205
코트디부아르,8,202205
적도 기니,8,202205
마카오,8,202205
몰타,8,202205
유고슬라비아,8,202205
시에라리온,8,202205
파푸아뉴기니,8,202205
도미니카연방,8,202205
부르키나 파소,7,202205
몰도바,6,202205
부룬디,6,202205
세인트 킷츠 네비스,6,202205
아르메니아,6,202205
베냉,5,202205
중앙아프리카공화국,5,202205
세인트 루치아,5,202205
니카라과,5,202205
감비아,4,202205
콩고,4,202205
보츠와나,4,202205
가봉,4,202205
잠비아,4,202205
기니,4,202205
쿠바,4,202205
바베이도스,4,202205
마다가스카르,4,202205
나미비아,4,202205
투르크메니스탄,4,202205
코소보,4,202205
키리바시,4,202205
니제르,3,202205
가이아나,3,202205
토고,3,202205
스와질랜드,3,202205
라이베리아,3,202205
상투메 프린시페,3,202205
세이셸,3,202205
그레나다,2,202205
바누아투,2,202205
소말리아,2,202205
세인트 빈센트 그레나딘,2,202205
마케도니아,2,202205
나우루,1,202205
모리타니,1,202205
몰디브,1,202205
벨리즈,1,202205
모잠비크,1,202205
기니비사우,1,202205
팔레스타인,1,202205
수리남,1,202205
보스니아ㆍ헤르체고비나,1,202205
서사모아,1,202205
미국,30882,202204
필리핀,12138,202204
중국,10230,202204
캐나다,5559,202204
미얀마,4728,202204
인도네시아,4331,202204
베트남,4041,202204
싱가포르,3805,202204
태국,3664,202204
독일,3483,202204
프랑스,3307,202204
인도,3114,202204
러시아,2727,202204
호주,2476,202204
일본,2231,202204
영국,2145,202204
네덜란드,1711,202204
네팔,1586,202204
우즈베키스탄,1454,202204
터키,1392,202204
말레이시아,1280,202204
방글라데시,1117,202204
캄보디아,1026,202204
몽골,1018,202204
우크라이나,1000,202204
이탈리아,840,202204
카자흐스탄,829,202204
스페인,821,202204
파키스탄,637,202204
폴란드,622,202204
스리랑카,611,202204
멕시코,512,202204
뉴질랜드,506,202204
대만,505,202204
스위스,472,202204
덴마크,399,202204
브라질,398,202204
벨기에,396,202204
루마니아,372,202204
스웨덴,364,202204
키르기스스탄,351,202204
오스트리아,340,202204
그리스,289,202204
핀란드,281,202204
남아프리카공화국,280,202204
노르웨이,262,202204
라오스,261,202204
포르투갈,246,202204
이스라엘,241,202204
아일랜드,236,202204
아랍에미리트,230,202204
타지키스탄,209,202204
불가리아,202,202204
에티오피아,195,202204
헝가리,191,202204
이집트,178,202204
크로아티아,171,202204
체코,162,202204
동티모로,148,202204
홍콩,140,202204
콜롬비아,128,202204
이라크,124,202204
칠레,84,202204
아르헨티나,84,202204
아제르바이잔,84,202204
모로코,81,202204
케냐,77,202204
세르비아,68,202204
사우디아라비아,68,202204
이란,67,202204
리투아니아,65,202204
몬테네그로,62,202204
슬로바키아,62,202204
라트비아,61,202204
아이티,58,202204
튀니지,55,202204
시리아,54,202204
리비아,52,202204
가나,47,202204
레바논,46,202204
베네수엘라,45,202204
나이지리아,43,202204
에스토니아,42,202204
페루,40,202204
벨라루스,34,202204
요르단,33,202204
탄자니아,32,202204
에콰도르,31,202204
룩셈부르크,26,202204
그루지아,26,202204
도미니카 공화국,24,202204
아이슬란드,24,202204
예멘,23,202204
알제리,23,202204
르완다,21,202204
파나마,20,202204
사이프러스,20,202204
코스타리카,19,202204
수단,18,202204
엘살바도르,18,202204
슬로베니아,17,202204
카타르,17,202204
부룬디,15,202204
오만,15,202204
온두라스,13,202204
세네갈,13,202204
볼리비아,13,202204
키리바시,13,202204
우간다,12,202204
알바니아,12,202204
쿠웨이트,12,202204
파라과이,11,202204
과테말라,10,202204
보스니아ㆍ헤르체고비나,10,202204
아프가니스탄,9,202204
트리니다드ㆍ토바고,8,202204
세인트 킷츠 네비스,8,202204
자메이카,8,202204
짐바브웨,8,202204
잠비아,8,202204
콩고민주공화국,8,202204
서사모아,8,202204
피지,7,202204
유고슬라비아,7,202204
감비아,7,202204
모리셔스,7,202204
말리,6,202204
콩고,6,202204
우르과이,6,202204
카메룬,6,202204
마카오,6,202204
부탄,5,202204
도미니카연방,5,202204
몰타,5,202204
팔라우,5,202204
마다가스카르,5,202204
몰도바,5,202204
앙골라,4,202204
보츠와나,4,202204
라이베리아,4,202204
팔레스타인,4,202204
바누아투,4,202204
아르메니아,4,202204
코트디부아르,3,202204
파푸아뉴기니,3,202204
니카라과,3,202204
바레인,3,202204
바베이도스,3,202204
통가,3,202204
마케도니아,3,202204
솔로몬군도,2,202204
말라위,2,202204
스와질랜드,2,202204
베냉,2,202204
적도 기니,2,202204
몰디브,2,202204
가봉,2,202204
세이셸,2,202204
바하마,1,202204
바티칸,1,202204
부르키나 파소,1,202204
코소보,1,202204
가이아나,1,202204
리히텐슈타인,1,202204
안도라,1,202204
기니,1,202204
브루나이,1,202204
모잠비크,1,202204
레소토,1,202204
앤티가 바부다,1,202204
모나코,1,202204
나미비아,1,202204
미국,16968,202203
중국,14726,202203
필리핀,11397,202203
베트남,5096,202203
미얀마,4781,202203
인도네시아,4234,202203
인도,3303,202203
캐나다,2681,202203
싱가포르,2450,202203
러시아,2347,202203
독일,1802,202203
프랑스,1692,202203
우즈베키스탄,1510,202203
네팔,1484,202203
태국,1452,202203
일본,1397,202203
몽골,1304,202203
우크라이나,1013,202203
영국,995,202203
네덜란드,979,202203
방글라데시,898,202203
캄보디아,818,202203
스리랑카,817,202203
호주,754,202203
말레이시아,624,202203
터키,574,202203
파키스탄,490,202203
이탈리아,484,202203
카자흐스탄,418,202203
그리스,417,202203
루마니아,417,202203
대만,410,202203
스페인,396,202203
폴란드,390,202203
멕시코,298,202203
불가리아,234,202203
이집트,222,202203
에티오피아,222,202203
뉴질랜드,220,202203
남아프리카공화국,206,202203
크로아티아,205,202203
리비아,199,202203
브라질,192,202203
키르기스스탄,191,202203
벨기에,187,202203
아랍에미리트,179,202203
오스트리아,172,202203
홍콩,150,202203
핀란드,146,202203
이란,144,202203
타지키스탄,138,202203
스웨덴,138,202203
사우디아라비아,135,202203
포르투갈,130,202203
헝가리,126,202203
스위스,117,202203
시리아,112,202203
동티모로,109,202203
덴마크,107,202203
이스라엘,107,202203
이라크,92,202203
요르단,91,202203
모로코,90,202203
아일랜드,80,202203
아제르바이잔,69,202203
나이지리아,66,202203
몬테네그로,64,202203
라트비아,63,202203
노르웨이,60,202203
튀니지,58,202203
케냐,54,202203
체코,53,202203
세르비아,41,202203
슬로바키아,39,202203
페루,35,202203
콜롬비아,34,202203
벨라루스,33,202203
리투아니아,32,202203
베네수엘라,30,202203
가나,30,202203
아르헨티나,28,202203
알제리,27,202203
레바논,26,202203
예멘,24,202203
칠레,24,202203
카메룬,23,202203
키리바시,23,202203
라오스,22,202203
그루지아,21,202203
바레인,20,202203
탄자니아,20,202203
사이프러스,19,202203
우간다,16,202203
파나마,16,202203
아이슬란드,15,202203
코스타리카,13,202203
쿠웨이트,12,202203
수단,12,202203
엘살바도르,12,202203
카타르,12,202203
에스토니아,12,202203
슬로베니아,11,202203
세네갈,10,202203
르완다,10,202203
아프가니스탄,10,202203
코트디부아르,10,202203
에콰도르,9,202203
룩셈부르크,9,202203
보스니아ㆍ헤르체고비나,9,202203
볼리비아,8,202203
말리,8,202203
파푸아뉴기니,8,202203
도미니카 공화국,7,202203
콩고민주공화국,7,202203
팔레스타인,7,202203
부룬디,7,202203
자메이카,7,202203
잠비아,6,202203
과테말라,6,202203
알바니아,6,202203
짐바브웨,6,202203
트리니다드ㆍ토바고,6,202203
몰도바,6,202203
마카오,5,202203
가봉,5,202203
오만,5,202203
말라위,5,202203
브루나이,4,202203
도미니카연방,4,202203
아르메니아,4,202203
차드,4,202203
앙골라,4,202203
투르크메니스탄,4,202203
몰디브,4,202203
몰타,4,202203
바베이도스,3,202203
라이베리아,3,202203
파라과이,3,202203
모리셔스,3,202203
통가,3,202203
에리트리아,2,202203
기니,2,202203
콩고,2,202203
유고슬라비아,2,202203
시에라리온,2,202203
부탄,2,202203
부르키나 파소,2,202203
코소보,2,202203
중앙아프리카공화국,2,202203
피지,2,202203
세이셸,2,202203
마케도니아,2,202203
미크로네시아,1,202203
토고,1,202203
팔라우,1,202203
보츠와나,1,202203
쿠바,1,202203
벨리즈,1,202203
안도라,1,202203
베냉,1,202203
모잠비크,1,202203
세인트 킷츠 네비스,1,202203
모나코,1,202203
나미비아,1,202203
레소토,1,202203
니카라과,1,202203
마다가스카르,1,202203
니제르,1,202203
세인트 빈센트 그레나딘,1,202203
우르과이,1,202203
중국,16752,202202
미국,15845,202202
필리핀,9038,202202
베트남,5002,202202
인도네시아,4425,202202
미얀마,4291,202202
러시아,3283,202202
인도,3249,202202
일본,2934,202202
캐나다,2920,202202
프랑스,2832,202202
독일,2384,202202
우즈베키스탄,1575,202202
태국,1492,202202
싱가포르,1489,202202
몽골,1174,202202
네덜란드,1162,202202
우크라이나,1096,202202
영국,1064,202202
말레이시아,987,202202
네팔,975,202202
대만,857,202202
캄보디아,850,202202
방글라데시,689,202202
호주,634,202202
이탈리아,571,202202
터키,540,202202
파키스탄,538,202202
폴란드,510,202202
스리랑카,475,202202
카자흐스탄,450,202202
멕시코,445,202202
남아프리카공화국,435,202202
핀란드,394,202202
루마니아,370,202202
스페인,336,202202
그리스,303,202202
벨기에,274,202202
홍콩,272,202202
브라질,257,202202
에티오피아,223,202202
오스트리아,217,202202
스웨덴,215,202202
뉴질랜드,210,202202
아랍에미리트,209,202202
포르투갈,208,202202
크로아티아,193,202202
덴마크,188,202202
스위스,186,202202
이집트,177,202202
키르기스스탄,162,202202
불가리아,159,202202
리비아,157,202202
사우디아라비아,157,202202
타지키스탄,154,202202
헝가리,154,202202
아일랜드,144,202202
모로코,128,202202
노르웨이,115,202202
이란,112,202202
라오스,98,202202
요르단,96,202202
시리아,96,202202
체코,95,202202
이스라엘,93,202202
케냐,83,202202
아제르바이잔,81,202202
리투아니아,81,202202
콜롬비아,78,202202
이라크,77,202202
나이지리아,72,202202
칠레,71,202202
라트비아,68,202202
가나,60,202202
탄자니아,59,202202
동티모로,55,202202
브루나이,55,202202
그루지아,47,202202
튀니지,41,202202
슬로바키아,40,202202
벨라루스,38,202202
세르비아,38,202202
에콰도르,35,202202
몬테네그로,35,202202
베네수엘라,34,202202
페루,32,202202
레바논,32,202202
알제리,31,202202
예멘,31,202202
아르헨티나,26,202202
아이슬란드,25,202202
에스토니아,24,202202
우간다,24,202202
카메룬,23,202202
아프가니스탄,22,202202
투르크메니스탄,21,202202
수단,21,202202
슬로베니아,20,202202
르완다,20,202202
룩셈부르크,19,202202
파나마,19,202202
콩고민주공화국,14,202202
세네갈,14,202202
오만,13,202202
부룬디,12,202202
코트디부아르,12,202202
엘살바도르,12,202202
말라위,12,202202
팔레스타인,12,202202
짐바브웨,11,202202
도미니카 공화국,11,202202
사이프러스,10,202202
잠비아,10,202202
파라과이,10,202202
코스타리카,10,202202
볼리비아,10,202202
키리바시,10,202202
몰도바,9,202202
과테말라,9,202202
자메이카,9,202202
가봉,8,202202
카타르,8,202202
보스니아ㆍ헤르체고비나,8,202202
모리셔스,7,202202
피지,7,202202
온두라스,7,202202
알바니아,6,202202
우르과이,6,202202
앙골라,5,202202
세이셸,5,202202
마케도니아,5,202202
도미니카연방,4,202202
말리,4,202202
쿠웨이트,4,202202
바레인,4,202202
보츠와나,4,202202
스와질랜드,4,202202
마다가스카르,4,202202
트리니다드ㆍ토바고,4,202202
코모로,4,202202
기니,3,202202
쿠바,3,202202
유고슬라비아,3,202202
부탄,3,202202
몰타,3,202202
아이티,2,202202
시에라리온,2,202202
니카라과,2,202202
모잠비크,2,202202
레소토,2,202202
세인트 킷츠 네비스,2,202202
마카오,2,202202
부르키나 파소,2,202202
바베이도스,2,202202
라이베리아,2,202202
남수단공화국,2,202202
서사모아,2,202202
바누아투,1,202202
가이아나,1,202202
몰디브,1,202202
벨리즈,1,202202
베냉,1,202202
아르메니아,1,202202
적도 기니,1,202202
콩고,1,202202
에리트리아,1,202202
지부티,1,202202
차드,1,202202
모나코,1,202202
감비아,1,202202
모리타니,1,202202
마샬군도,1,202202
바하마,1,202202
나미비아,1,202202
세인트 빈센트 그레나딘,1,202202
미국,15570,202201
중국,9489,202201
필리핀,9363,202201
미얀마,5215,202201
인도네시아,4550,202201
캐나다,3453,202201
러시아,3038,202201
인도,2871,202201
베트남,2318,202201
독일,1718,202201
프랑스,1585,202201
싱가포르,1345,202201
일본,1162,202201
태국,1108,202201
우크라이나,1032,202201
네팔,1031,202201
영국,1018,202201
우즈베키스탄,1003,202201
네덜란드,926,202201
캄보디아,900,202201
스리랑카,751,202201
방글라데시,720,202201
몽골,628,202201
호주,611,202201
말레이시아,557,202201
터키,498,202201
이탈리아,409,202201
그리스,386,202201
폴란드,382,202201
파키스탄,363,202201
루마니아,359,202201
대만,309,202201
핀란드,268,202201
멕시코,255,202201
카자흐스탄,245,202201
에티오피아,244,202201
키르기스스탄,240,202201
스페인,229,202201
포르투갈,218,202201
불가리아,217,202201
벨기에,205,202201
브라질,196,202201
뉴질랜드,193,202201
이집트,193,202201
스웨덴,185,202201
크로아티아,157,202201
오스트리아,144,202201
덴마크,143,202201
사우디아라비아,127,202201
노르웨이,121,202201
동티모로,118,202201
아일랜드,112,202201
아랍에미리트,112,202201
헝가리,111,202201
이스라엘,110,202201
리비아,104,202201
남아프리카공화국,104,202201
타지키스탄,99,202201
스위스,92,202201
아이슬란드,77,202201
홍콩,76,202201
요르단,71,202201
모로코,67,202201
체코,67,202201
라오스,64,202201
라트비아,63,202201
이란,61,202201
그루지아,59,202201
시리아,55,202201
아제르바이잔,53,202201
세르비아,51,202201
콜롬비아,48,202201
리투아니아,46,202201
튀니지,41,202201
슬로바키아,40,202201
이라크,39,202201
케냐,36,202201
탄자니아,35,202201
칠레,35,202201
페루,32,202201
벨라루스,30,202201
나이지리아,25,202201
베네수엘라,24,202201
레바논,24,202201
몬테네그로,23,202201
아르헨티나,22,202201
가나,20,202201
우간다,20,202201
카메룬,20,202201
예멘,20,202201
에스토니아,19,202201
알제리,18,202201
슬로베니아,18,202201
자메이카,16,202201
에콰도르,15,202201
짐바브웨,14,202201
르완다,13,202201
사이프러스,13,202201
코스타리카,13,202201
모잠비크,13,202201
쿠웨이트,12,202201
코트디부아르,12,202201
도미니카 공화국,11,202201
세네갈,11,202201
엘살바도르,10,202201
피지,10,202201
몰타,10,202201
볼리비아,9,202201
콩고민주공화국,9,202201
알바니아,8,202201
오만,7,202201
파나마,7,202201
기니,7,202201
몰도바,7,202201
카타르,7,202201
트리니다드ㆍ토바고,7,202201
투르크메니스탄,6,202201
수단,6,202201
유고슬라비아,6,202201
룩셈부르크,6,202201
파라과이,5,202201
온두라스,5,202201
아프가니스탄,5,202201
팔레스타인,5,202201
토고,5,202201
보츠와나,4,202201
과테말라,4,202201
부탄,4,202201
모리셔스,4,202201
보스니아ㆍ헤르체고비나,4,202201
키리바시,4,202201
소말리아,3,202201
브루나이,3,202201
몰디브,3,202201
마카오,3,202201
파푸아뉴기니,3,202201
바레인,3,202201
카보베르데,3,202201
나우루,3,202201
서사모아,3,202201
마케도니아,3,202201
니카라과,2,202201
코소보,2,202201
벨리즈,2,202201
아르메니아,2,202201
감비아,2,202201
쿠바,2,202201
우르과이,2,202201
가이아나,2,202201
부룬디,2,202201
앙골라,2,202201
베냉,2,202201
세이셸,2,202201
나미비아,1,202201
중앙아프리카공화국,1,202201
부르키나 파소,1,202201
잠비아,1,202201
기니비사우,1,202201
말리,1,202201
바하마,1,202201
지부티,1,202201
미국,16805,202112
중국,11691,202112
필리핀,11141,202112
미얀마,5669,202112
인도네시아,5066,202112
캐나다,3985,202112
베트남,3751,202112
싱가포르,3676,202112
러시아,3040,202112
인도,2459,202112
독일,1822,202112
몽골,1268,202112
프랑스,1236,202112
네팔,1148,202112
우크라이나,1096,202112
일본,1007,202112
네덜란드,936,202112
우즈베키스탄,923,202112
영국,889,202112
태국,804,202112
호주,683,202112
스리랑카,600,202112
방글라데시,596,202112
캄보디아,580,202112
말레이시아,451,202112
그리스,430,202112
터키,415,202112
루마니아,360,202112
폴란드,293,202112
대만,290,202112
이탈리아,286,202112
파키스탄,283,202112
카자흐스탄,265,202112
핀란드,258,202112
뉴질랜드,234,202112
멕시코,230,202112
이집트,219,202112
스페인,203,202112
사우디아라비아,176,202112
크로아티아,164,202112
아랍에미리트,163,202112
에티오피아,161,202112
벨기에,160,202112
불가리아,156,202112
브라질,154,202112
타지키스탄,140,202112
키르기스스탄,132,202112
스웨덴,131,202112
오스트리아,115,202112
홍콩,113,202112
덴마크,107,202112
헝가리,106,202112
남아프리카공화국,103,202112
동티모로,100,202112
스위스,98,202112
아일랜드,91,202112
이스라엘,90,202112
라오스,85,202112
포르투갈,72,202112
아이슬란드,65,202112
이라크,61,202112
노르웨이,59,202112
체코,54,202112
모로코,49,202112
요르단,46,202112
탄자니아,45,202112
벨라루스,44,202112
이란,43,202112
튀니지,39,202112
콜롬비아,37,202112
세르비아,35,202112
리비아,33,202112
가나,33,202112
라트비아,32,202112
몬테네그로,32,202112
베네수엘라,30,202112
케냐,30,202112
리투아니아,30,202112
시리아,30,202112
그루지아,28,202112
슬로바키아,28,202112
레바논,27,202112
아제르바이잔,27,202112
나이지리아,26,202112
예멘,25,202112
아르헨티나,25,202112
칠레,21,202112
알제리,20,202112
우간다,18,202112
수단,16,202112
페루,16,202112
에스토니아,15,202112
아프가니스탄,15,202112
사이프러스,14,202112
슬로베니아,14,202112
에콰도르,13,202112
룩셈부르크,12,202112
코스타리카,11,202112
엘살바도르,8,202112
오만,8,202112
르완다,8,202112
말리,8,202112
몰도바,7,202112
카메룬,7,202112
몰타,7,202112
마카오,6,202112
보스니아ㆍ헤르체고비나,6,202112
마케도니아,6,202112
자메이카,5,202112
짐바브웨,5,202112
세네갈,5,202112
파나마,5,202112
카타르,5,202112
라이베리아,4,202112
볼리비아,4,202112
트리니다드ㆍ토바고,4,202112
도미니카 공화국,4,202112
쿠웨이트,4,202112
아이티,3,202112
모리타니,3,202112
코트디부아르,3,202112
쿠바,3,202112
부탄,3,202112
아르메니아,3,202112
우르과이,3,202112
과테말라,2,202112
피지,2,202112
유고슬라비아,2,202112
모리셔스,2,202112
파푸아뉴기니,2,202112
기니,2,202112
도미니카연방,2,202112
투르크메니스탄,2,202112
니카라과,2,202112
콩고민주공화국,2,202112
부룬디,2,202112
마다가스카르,2,202112
감비아,1,202112
세인트 킷츠 네비스,1,202112
베냉,1,202112
앙골라,1,202112
콩고,1,202112
온두라스,1,202112
파라과이,1,202112
미크로네시아,1,202112
브루나이,1,202112
바베이도스,1,202112
몰디브,1,202112
시에라리온,1,202112
바하마,1,202112
나미비아,1,202112
세인트 빈센트 그레나딘,1,202112
서사모아,1,202112
잠비아,1,202112
앤티가 바부다,1,202112
코소보,1,202112
미국,20123,202111
중국,12472,202111
필리핀,11187,202111
미얀마,5388,202111
캐나다,4239,202111
인도네시아,3929,202111
러시아,3622,202111
인도,2745,202111
싱가포르,2414,202111
독일,2382,202111
베트남,2132,202111
프랑스,1736,202111
일본,1623,202111
우크라이나,1308,202111
영국,1259,202111
네덜란드,1140,202111
태국,900,202111
우즈베키스탄,856,202111
이탈리아,701,202111
호주,609,202111
말레이시아,583,202111
캄보디아,568,202111
폴란드,487,202111
스페인,449,202111
터키,413,202111
스리랑카,401,202111
몽골,384,202111
대만,375,202111
네팔,363,202111
카자흐스탄,352,202111
방글라데시,344,202111
에티오피아,329,202111
루마니아,324,202111
핀란드,320,202111
오스트리아,317,202111
멕시코,279,202111
그리스,277,202111
키르기스스탄,243,202111
타지키스탄,238,202111
벨기에,235,202111
이집트,233,202111
크로아티아,224,202111
스웨덴,207,202111
뉴질랜드,206,202111
덴마크,179,202111
불가리아,174,202111
아랍에미리트,171,202111
사우디아라비아,168,202111
파키스탄,164,202111
브라질,155,202111
스위스,154,202111
헝가리,136,202111
이스라엘,134,202111
남아프리카공화국,127,202111
노르웨이,120,202111
홍콩,119,202111
체코,118,202111
아일랜드,116,202111
포르투갈,108,202111
그루지아,73,202111
콜롬비아,72,202111
모로코,71,202111
몬테네그로,71,202111
라트비아,69,202111
시리아,67,202111
요르단,65,202111
케냐,64,202111
이란,58,202111
이라크,58,202111
세르비아,57,202111
아이슬란드,54,202111
아르헨티나,45,202111
에콰도르,45,202111
탄자니아,45,202111
가나,45,202111
라오스,44,202111
아제르바이잔,41,202111
레바논,41,202111
모잠비크,40,202111
알제리,34,202111
나이지리아,34,202111
베네수엘라,33,202111
리투아니아,33,202111
칠레,33,202111
슬로바키아,33,202111
튀니지,31,202111
페루,30,202111
동티모로,26,202111
벨라루스,26,202111
카타르,24,202111
코트디부아르,21,202111
코스타리카,18,202111
예멘,16,202111
아프가니스탄,15,202111
리비아,15,202111
룩셈부르크,14,202111
온두라스,14,202111
슬로베니아,14,202111
사이프러스,13,202111
에스토니아,12,202111
콩고민주공화국,12,202111
자메이카,10,202111
세네갈,10,202111
짐바브웨,10,202111
카메룬,8,202111
파라과이,8,202111
몰타,8,202111
몰도바,8,202111
엘살바도르,8,202111
보스니아ㆍ헤르체고비나,8,202111
우간다,7,202111
파나마,7,202111
피지,7,202111
쿠웨이트,7,202111
트리니다드ㆍ토바고,6,202111
파푸아뉴기니,5,202111
마카오,5,202111
과테말라,5,202111
오만,5,202111
브루나이,5,202111
알바니아,4,202111
쿠바,4,202111
수단,4,202111
볼리비아,4,202111
세이셸,4,202111
키리바시,4,202111
마다가스카르,4,202111
바베이도스,3,202111
도미니카 공화국,3,202111
말라위,3,202111
르완다,3,202111
아르메니아,3,202111
유고슬라비아,3,202111
감비아,3,202111
투르크메니스탄,3,202111
부탄,3,202111
서사모아,3,202111
앙골라,2,202111
기니,2,202111
팔레스타인,2,202111
도미니카연방,2,202111
세인트 킷츠 네비스,2,202111
바레인,2,202111
보츠와나,2,202111
모리셔스,2,202111
모나코,2,202111
나미비아,2,202111
우르과이,2,202111
마케도니아,2,202111
부르키나 파소,1,202111
몰디브,1,202111
잠비아,1,202111
말리,1,202111
가봉,1,202111
솔로몬군도,1,202111
토고,1,202111
차드,1,202111
베냉,1,202111
리히텐슈타인,1,202111
모리타니,1,202111
기니비사우,1,202111
라이베리아,1,202111
세인트 빈센트 그레나딘,1,202111
미국,21607,202110
중국,14035,202110
필리핀,10683,202110
미얀마,5062,202110
캐나다,4447,202110
인도네시아,3226,202110
인도,3192,202110
러시아,3078,202110
독일,2360,202110
프랑스,1600,202110
베트남,1511,202110
우크라이나,1261,202110
일본,1237,202110
우즈베키스탄,1194,202110
네덜란드,1167,202110
영국,1109,202110
태국,897,202110
터키,589,202110
이탈리아,572,202110
카자흐스탄,564,202110
폴란드,428,202110
몽골,424,202110
그리스,400,202110
말레이시아,396,202110
루마니아,376,202110
키르기스스탄,365,202110
싱가포르,361,202110
에티오피아,358,202110
대만,341,202110
스리랑카,339,202110
핀란드,335,202110
호주,315,202110
스페인,310,202110
포르투갈,272,202110
오스트리아,259,202110
멕시코,254,202110
벨기에,248,202110
방글라데시,247,202110
캄보디아,244,202110
네팔,241,202110
아랍에미리트,240,202110
이집트,224,202110
사우디아라비아,202,202110
스웨덴,196,202110
스위스,184,202110
이스라엘,183,202110
덴마크,180,202110
브라질,179,202110
노르웨이,179,202110
뉴질랜드,167,202110
타지키스탄,163,202110
불가리아,147,202110
크로아티아,133,202110
헝가리,123,202110
파키스탄,118,202110
홍콩,117,202110
시리아,117,202110
아일랜드,97,202110
남아프리카공화국,94,202110
체코,93,202110
요르단,88,202110
동티모로,71,202110
나이지리아,64,202110
모로코,64,202110
몬테네그로,62,202110
세르비아,61,202110
콜롬비아,51,202110
라트비아,50,202110
이라크,49,202110
리투아니아,46,202110
카타르,43,202110
라오스,39,202110
튀니지,39,202110
페루,38,202110
아르헨티나,38,202110
케냐,36,202110
가나,35,202110
슬로바키아,33,202110
아프가니스탄,32,202110
이란,31,202110
그루지아,30,202110
아제르바이잔,29,202110
벨라루스,27,202110
칠레,27,202110
레바논,27,202110
카메룬,26,202110
아이슬란드,23,202110
리비아,23,202110
베네수엘라,23,202110
룩셈부르크,23,202110
사이프러스,20,202110
오만,20,202110
수단,16,202110
에콰도르,16,202110
예멘,14,202110
코스타리카,14,202110
에스토니아,13,202110
세네갈,12,202110
탄자니아,12,202110
파라과이,11,202110
엘살바도르,11,202110
슬로베니아,10,202110
르완다,10,202110
알제리,9,202110
짐바브웨,9,202110
몰도바,9,202110
바레인,8,202110
앙골라,8,202110
트리니다드ㆍ토바고,8,202110
파나마,7,202110
도미니카 공화국,6,202110
유고슬라비아,6,202110
온두라스,6,202110
볼리비아,6,202110
보스니아ㆍ헤르체고비나,6,202110
가봉,5,202110
우간다,5,202110
모리셔스,5,202110
팔레스타인,5,202110
코트디부아르,5,202110
도미니카연방,5,202110
모잠비크,5,202110
키리바시,5,202110
마케도니아,5,202110
투르크메니스탄,4,202110
알바니아,4,202110
과테말라,4,202110
쿠웨이트,4,202110
우르과이,4,202110
자메이카,4,202110
몰타,4,202110
라이베리아,3,202110
부룬디,3,202110
세인트 빈센트 그레나딘,3,202110
몰디브,3,202110
피지,3,202110
서사모아,3,202110
말리,2,202110
미크로네시아,2,202110
콩고민주공화국,2,202110
마카오,2,202110
아이티,2,202110
벨리즈,2,202110
마다가스카르,2,202110
세이셸,2,202110
적도 기니,1,202110
니제르,1,202110
앤티가 바부다,1,202110
아르메니아,1,202110
파푸아뉴기니,1,202110
베냉,1,202110
기니,1,202110
바하마,1,202110
콩고,1,202110
부탄,1,202110
브루나이,1,202110
카보베르데,1,202110
나미비아,1,202110
니카라과,1,202110
시에라리온,1,202110
토켈라우,1,202110
통가,1,202110
미국,19227,202109
중국,19144,202109
필리핀,9745,202109
미얀마,4065,202109
캐나다,3722,202109
러시아,3077,202109
인도네시아,3029,202109
인도,2734,202109
독일,1810,202109
베트남,1788,202109
프랑스,1638,202109
우즈베키스탄,1616,202109
우크라이나,1167,202109
일본,1142,202109
네덜란드,1075,202109
몽골,1033,202109
카자흐스탄,904,202109
태국,845,202109
영국,841,202109
터키,397,202109
이탈리아,394,202109
스리랑카,380,202109
캄보디아,369,202109
폴란드,357,202109
말레이시아,348,202109
에티오피아,345,202109
루마니아,331,202109
스페인,313,202109
대만,294,202109
그리스,293,202109
멕시코,282,202109
핀란드,269,202109
호주,259,202109
포르투갈,236,202109
키르기스스탄,230,202109
이집트,205,202109
벨기에,204,202109
싱가포르,198,202109
오스트리아,197,202109
파키스탄,193,202109
불가리아,171,202109
스위스,169,202109
네팔,160,202109
스웨덴,158,202109
방글라데시,149,202109
아랍에미리트,143,202109
홍콩,127,202109
뉴질랜드,122,202109
시리아,117,202109
남아프리카공화국,115,202109
브라질,109,202109
덴마크,103,202109
아일랜드,102,202109
타지키스탄,94,202109
요르단,93,202109
크로아티아,89,202109
이라크,75,202109
노르웨이,75,202109
헝가리,71,202109
모로코,67,202109
나이지리아,63,202109
레바논,61,202109
라오스,61,202109
사우디아라비아,58,202109
그루지아,56,202109
체코,53,202109
이스라엘,45,202109
리투아니아,44,202109
이란,43,202109
라트비아,43,202109
몬테네그로,43,202109
가나,38,202109
튀니지,37,202109
세르비아,36,202109
콜롬비아,35,202109
탄자니아,34,202109
페루,33,202109
벨라루스,31,202109
예멘,31,202109
모잠비크,30,202109
아제르바이잔,28,202109
아르헨티나,26,202109
케냐,25,202109
룩셈부르크,25,202109
리비아,23,202109
베네수엘라,22,202109
슬로바키아,21,202109
칠레,18,202109
슬로베니아,17,202109
수단,16,202109
알제리,16,202109
파나마,15,202109
과테말라,15,202109
에스토니아,14,202109
카메룬,14,202109
사이프러스,13,202109
팔레스타인,12,202109
카타르,12,202109
볼리비아,12,202109
아프가니스탄,11,202109
에콰도르,10,202109
부룬디,10,202109
아르메니아,10,202109
아이슬란드,10,202109
몰타,8,202109
르완다,7,202109
파라과이,7,202109
코트디부아르,6,202109
세네갈,6,202109
동티모로,6,202109
도미니카 공화국,6,202109
코스타리카,6,202109
마카오,6,202109
보스니아ㆍ헤르체고비나,6,202109
콩고민주공화국,5,202109
유고슬라비아,5,202109
자메이카,5,202109
바레인,5,202109
우간다,5,202109
피지,5,202109
몰도바,5,202109
온두라스,4,202109
부탄,4,202109
엘살바도르,4,202109
알바니아,4,202109
우르과이,4,202109
오만,4,202109
트리니다드ㆍ토바고,3,202109
라이베리아,3,202109
말리,3,202109
마다가스카르,3,202109
쿠웨이트,3,202109
나우루,3,202109
짐바브웨,2,202109
도미니카연방,2,202109
안도라,2,202109
쿠바,2,202109
남수단공화국,2,202109
투르크메니스탄,2,202109
니카라과,2,202109
모리타니,2,202109
모리셔스,2,202109
보츠와나,2,202109
나미비아,2,202109
파푸아뉴기니,2,202109
콩고,1,202109
세인트 킷츠 네비스,1,202109
가봉,1,202109
아이티,1,202109
잠비아,1,202109
말라위,1,202109
기니,1,202109
시에라리온,1,202109
부르키나 파소,1,202109
바하마,1,202109
브루나이,1,202109
감비아,1,202109
키리바시,1,202109
그레나다,1,202109
세이셸,1,202109
마케도니아,1,202109
미국,20561,202108
중국,17103,202108
필리핀,10951,202108
인도네시아,4175,202108
미얀마,4116,202108
인도,3125,202108
독일,2797,202108
러시아,2750,202108
캐나다,2274,202108
일본,2258,202108
베트남,1994,202108
프랑스,1884,202108
우즈베키스탄,1488,202108
영국,1447,202108
네덜란드,1275,202108
우크라이나,1259,202108
몽골,992,202108
카자흐스탄,868,202108
터키,678,202108
대만,601,202108
태국,600,202108
말레이시아,566,202108
이탈리아,522,202108
스페인,511,202108
폴란드,432,202108
멕시코,421,202108
아프가니스탄,406,202108
에티오피아,381,202108
스리랑카,342,202108
벨기에,334,202108
핀란드,323,202108
키르기스스탄,318,202108
포르투갈,305,202108
호주,281,202108
스웨덴,279,202108
그리스,274,202108
루마니아,265,202108
덴마크,256,202108
캄보디아,248,202108
이집트,231,202108
스위스,228,202108
오스트리아,225,202108
남아프리카공화국,223,202108
브라질,220,202108
싱가포르,205,202108
홍콩,197,202108
불가리아,176,202108
콜롬비아,174,202108
파키스탄,163,202108
크로아티아,157,202108
방글라데시,145,202108
노르웨이,142,202108
뉴질랜드,136,202108
사우디아라비아,134,202108
이라크,133,202108
아랍에미리트,131,202108
네팔,125,202108
모로코,124,202108
체코,121,202108
아일랜드,119,202108
이스라엘,119,202108
타지키스탄,117,202108
헝가리,117,202108
가나,104,202108
요르단,98,202108
리투아니아,97,202108
이란,96,202108
나이지리아,94,202108
세르비아,79,202108
몬테네그로,79,202108
벨라루스,71,202108
탄자니아,62,202108
튀니지,62,202108
케냐,62,202108
라트비아,58,202108
아제르바이잔,58,202108
라오스,56,202108
그루지아,55,202108
페루,52,202108
슬로바키아,52,202108
바누아투,50,202108
시리아,46,202108
리비아,46,202108
레바논,41,202108
수단,40,202108
에콰도르,40,202108
카메룬,39,202108
우간다,37,202108
베네수엘라,35,202108
칠레,34,202108
르완다,32,202108
카타르,28,202108
아르헨티나,27,202108
예멘,27,202108
코스타리카,25,202108
바레인,25,202108
에스토니아,23,202108
오만,23,202108
콩고민주공화국,22,202108
룩셈부르크,20,202108
알제리,18,202108
자메이카,17,202108
모잠비크,17,202108
엘살바도르,15,202108
짐바브웨,15,202108
볼리비아,15,202108
사이프러스,14,202108
몰도바,14,202108
아르메니아,14,202108
세네갈,12,202108
슬로베니아,12,202108
키리바시,12,202108
과테말라,11,202108
파나마,11,202108
팔레스타인,11,202108
브루나이,11,202108
도미니카 공화국,10,202108
아이슬란드,10,202108
기니,9,202108
피지,9,202108
보츠와나,9,202108
몰타,9,202108
잠비아,9,202108
라이베리아,9,202108
쿠웨이트,9,202108
파라과이,9,202108
우르과이,8,202108
온두라스,8,202108
알바니아,8,202108
유고슬라비아,7,202108
부룬디,7,202108
코트디부아르,5,202108
가봉,5,202108
쿠바,4,202108
앙골라,4,202108
부탄,4,202108
시에라리온,4,202108
보스니아ㆍ헤르체고비나,4,202108
부르키나 파소,3,202108
베냉,3,202108
니카라과,3,202108
파푸아뉴기니,3,202108
동티모로,3,202108
투르크메니스탄,3,202108
말리,3,202108
모리셔스,3,202108
소말리아,3,202108
아이티,3,202108
감비아,3,202108
세인트 킷츠 네비스,3,202108
세인트 빈센트 그레나딘,3,202108
세이셸,3,202108
벨리즈,2,202108
마다가스카르,2,202108
가이아나,2,202108
트리니다드ㆍ토바고,2,202108
바베이도스,2,202108
스와질랜드,2,202108
도미니카연방,2,202108
프랑스령 폴리네시아,2,202108
안도라,1,202108
지부티,1,202108
모리타니,1,202108
마카오,1,202108
세인트 루치아,1,202108
마샬군도,1,202108
바하마,1,202108
말라위,1,202108
수리남,1,202108
토고,1,202108
남수단공화국,1,202108
솔로몬군도,1,202108
그레나다,1,202108
몰디브,1,202108
서사모아,1,202108
미국,21775,202107
중국,13469,202107
필리핀,10247,202107
미얀마,4521,202107
인도네시아,4511,202107
인도,2697,202107
러시아,2575,202107
캐나다,2167,202107
베트남,1704,202107
우즈베키스탄,1539,202107
독일,1479,202107
우크라이나,1107,202107
네덜란드,1043,202107
프랑스,1037,202107
영국,937,202107
일본,881,202107
카자흐스탄,711,202107
태국,705,202107
터키,481,202107
말레이시아,352,202107
스리랑카,333,202107
폴란드,327,202107
몽골,323,202107
대만,304,202107
에티오피아,299,202107
캄보디아,256,202107
호주,256,202107
이탈리아,246,202107
루마니아,245,202107
멕시코,244,202107
키르기스스탄,236,202107
그리스,233,202107
핀란드,220,202107
방글라데시,173,202107
벨기에,167,202107
뉴질랜드,151,202107
크로아티아,150,202107
브라질,149,202107
불가리아,146,202107
스위스,143,202107
오스트리아,140,202107
싱가포르,137,202107
아랍에미리트,134,202107
이집트,132,202107
스페인,129,202107
남아프리카공화국,123,202107
파키스탄,121,202107
타지키스탄,113,202107
네팔,110,202107
이스라엘,108,202107
덴마크,105,202107
홍콩,94,202107
스웨덴,87,202107
포르투갈,77,202107
요르단,75,202107
헝가리,70,202107
사우디아라비아,70,202107
노르웨이,66,202107
아일랜드,62,202107
아르헨티나,59,202107
케냐,58,202107
이라크,55,202107
모로코,53,202107
시리아,51,202107
그루지아,49,202107
몬테네그로,48,202107
체코,39,202107
라트비아,39,202107
세르비아,39,202107
리투아니아,36,202107
콜롬비아,35,202107
가나,31,202107
슬로바키아,31,202107
리비아,31,202107
아제르바이잔,30,202107
탄자니아,27,202107
벨라루스,27,202107
베네수엘라,26,202107
이란,22,202107
레바논,22,202107
아프가니스탄,20,202107
튀니지,20,202107
나이지리아,16,202107
페루,15,202107
칠레,15,202107
알제리,15,202107
카메룬,14,202107
라오스,14,202107
키리바시,14,202107
예멘,12,202107
수단,12,202107
카타르,11,202107
몰도바,11,202107
에콰도르,11,202107
우간다,10,202107
몰타,9,202107
룩셈부르크,9,202107
에스토니아,8,202107
모잠비크,8,202107
팔레스타인,8,202107
보스니아ㆍ헤르체고비나,8,202107
슬로베니아,7,202107
쿠웨이트,7,202107
엘살바도르,7,202107
파나마,7,202107
과테말라,7,202107
아이슬란드,6,202107
브루나이,6,202107
부룬디,6,202107
오만,6,202107
도미니카 공화국,6,202107
쿠바,5,202107
모리셔스,5,202107
파라과이,4,202107
알바니아,4,202107
말라위,4,202107
말리,4,202107
사이프러스,4,202107
마다가스카르,4,202107
바레인,4,202107
코스타리카,4,202107
나우루,4,202107
세이셸,4,202107
유고슬라비아,3,202107
자메이카,3,202107
팔라우,3,202107
온두라스,3,202107
라이베리아,3,202107
세네갈,3,202107
아르메니아,3,202107
콩고민주공화국,2,202107
세인트 킷츠 네비스,2,202107
마카오,2,202107
동티모로,2,202107
짐바브웨,2,202107
가봉,2,202107
기니,2,202107
투르크메니스탄,2,202107
바누아투,2,202107
잠비아,2,202107
트리니다드ㆍ토바고,2,202107
카보베르데,2,202107
세인트 빈센트 그레나딘,2,202107
앤티가 바부다,2,202107
앙골라,1,202107
코트디부아르,1,202107
볼리비아,1,202107
부탄,1,202107
도미니카연방,1,202107
니카라과,1,202107
보츠와나,1,202107
토고,1,202107
르완다,1,202107
파푸아뉴기니,1,202107
스와질랜드,1,202107
베냉,1,202107
솔로몬군도,1,202107
바하마,1,202107
그레나다,1,202107
나미비아,1,202107
통가,1,202107
코소보,1,202107
미국,18159,202106
중국,12942,202106
필리핀,9572,202106
미얀마,4985,202106
인도네시아,4529,202106
러시아,2899,202106
베트남,2133,202106
인도,2072,202106
캐나다,1732,202106
우즈베키스탄,1534,202106
독일,1246,202106
네덜란드,1148,202106
우크라이나,1137,202106
태국,928,202106
일본,875,202106
프랑스,808,202106
영국,628,202106
캄보디아,519,202106
카자흐스탄,518,202106
터키,415,202106
말레이시아,323,202106
폴란드,299,202106
스리랑카,298,202106
몽골,288,202106
대만,275,202106
에티오피아,270,202106
이탈리아,243,202106
그리스,234,202106
멕시코,226,202106
파키스탄,203,202106
호주,192,202106
루마니아,186,202106
핀란드,184,202106
이집트,176,202106
크로아티아,173,202106
타지키스탄,161,202106
키르기스스탄,158,202106
벨기에,154,202106
방글라데시,154,202106
불가리아,138,202106
오스트리아,125,202106
스페인,120,202106
남아프리카공화국,109,202106
브라질,108,202106
이스라엘,104,202106
덴마크,98,202106
싱가포르,95,202106
뉴질랜드,94,202106
네팔,92,202106
아랍에미리트,91,202106
스웨덴,91,202106
스위스,86,202106
홍콩,79,202106
포르투갈,76,202106
브루나이,74,202106
노르웨이,63,202106
동티모로,63,202106
헝가리,62,202106
아일랜드,55,202106
가나,54,202106
레바논,52,202106
세르비아,50,202106
이라크,48,202106
모로코,46,202106
요르단,45,202106
몬테네그로,41,202106
사우디아라비아,40,202106
그루지아,38,202106
탄자니아,38,202106
콜롬비아,37,202106
케냐,37,202106
라트비아,34,202106
슬로바키아,32,202106
시리아,31,202106
리투아니아,30,202106
아제르바이잔,30,202106
아프가니스탄,27,202106
베네수엘라,27,202106
벨라루스,27,202106
체코,26,202106
아르헨티나,25,202106
나이지리아,21,202106
슬로베니아,19,202106
리비아,17,202106
칠레,16,202106
이란,16,202106
에스토니아,15,202106
알제리,15,202106
사이프러스,14,202106
페루,14,202106
튀니지,14,202106
모잠비크,13,202106
카타르,12,202106
라오스,12,202106
수단,10,202106
에콰도르,9,202106
아이슬란드,9,202106
보스니아ㆍ헤르체고비나,9,202106
파라과이,8,202106
도미니카 공화국,8,202106
투르크메니스탄,8,202106
바누아투,8,202106
룩셈부르크,8,202106
파나마,7,202106
예멘,7,202106
카메룬,7,202106
라이베리아,6,202106
오만,6,202106
트리니다드ㆍ토바고,5,202106
볼리비아,5,202106
중앙아프리카공화국,5,202106
시에라리온,5,202106
니카라과,4,202106
알바니아,4,202106
팔레스타인,4,202106
키리바시,4,202106
바레인,4,202106
피지,4,202106
몰타,4,202106
마카오,3,202106
잠비아,3,202106
세네갈,3,202106
코스타리카,3,202106
엘살바도르,3,202106
세인트 빈센트 그레나딘,3,202106
유고슬라비아,2,202106
아르메니아,2,202106
파푸아뉴기니,2,202106
우간다,2,202106
앙골라,2,202106
과테말라,2,202106
몰디브,2,202106
보츠와나,2,202106
자메이카,2,202106
몰도바,2,202106
짐바브웨,2,202106
쿠웨이트,1,202106
말리,1,202106
미크로네시아,1,202106
우르과이,1,202106
르완다,1,202106
에리트리아,1,202106
도미니카연방,1,202106
세인트 킷츠 네비스,1,202106
나미비아,1,202106
가이아나,1,202106
가봉,1,202106
콩고민주공화국,1,202106
쿠바,1,202106
말라위,1,202106
마케도니아,1,202106
미국,17278,202105
중국,14221,202105
필리핀,8948,202105
미얀마,4299,202105
인도네시아,4089,202105
러시아,2785,202105
인도,1942,202105
베트남,1726,202105
캐나다,1707,202105
일본,1403,202105
독일,1297,202105
네덜란드,1243,202105
우즈베키스탄,1140,202105
우크라이나,1136,202105
프랑스,1033,202105
캄보디아,643,202105
태국,628,202105
카자흐스탄,571,202105
터키,396,202105
멕시코,366,202105
대만,349,202105
영국,345,202105
폴란드,298,202105
에티오피아,295,202105
스리랑카,288,202105
몽골,276,202105
말레이시아,253,202105
그리스,244,202105
방글라데시,238,202105
이탈리아,238,202105
루마니아,214,202105
핀란드,188,202105
호주,175,202105
키르기스스탄,146,202105
파키스탄,131,202105
벨기에,125,202105
이집트,122,202105
스페인,121,202105
타지키스탄,120,202105
오스트리아,114,202105
브라질,105,202105
뉴질랜드,98,202105
홍콩,95,202105
스위스,95,202105
불가리아,94,202105
이스라엘,89,202105
크로아티아,83,202105
싱가포르,77,202105
아랍에미리트,74,202105
포르투갈,68,202105
스웨덴,67,202105
남아프리카공화국,61,202105
헝가리,58,202105
사우디아라비아,56,202105
세르비아,56,202105
덴마크,54,202105
네팔,48,202105
이라크,48,202105
요르단,46,202105
아일랜드,44,202105
모로코,38,202105
체코,38,202105
노르웨이,34,202105
가나,31,202105
투르크메니스탄,31,202105
튀니지,31,202105
벨라루스,31,202105
몬테네그로,28,202105
라트비아,26,202105
그루지아,25,202105
콜롬비아,24,202105
리투아니아,24,202105
이란,24,202105
시리아,24,202105
아르헨티나,22,202105
아프가니스탄,22,202105
탄자니아,21,202105
나이지리아,21,202105
케냐,21,202105
슬로바키아,19,202105
아제르바이잔,19,202105
레바논,18,202105
베네수엘라,16,202105
리비아,14,202105
에스토니아,14,202105
엘살바도르,14,202105
칠레,12,202105
예멘,11,202105
페루,10,202105
라오스,10,202105
알제리,10,202105
에콰도르,9,202105
파나마,9,202105
룩셈부르크,8,202105
피지,8,202105
몰도바,7,202105
자메이카,7,202105
카메룬,6,202105
사이프러스,6,202105
잠비아,5,202105
르완다,5,202105
우르과이,5,202105
투발루,5,202105
볼리비아,5,202105
과테말라,4,202105
유고슬라비아,4,202105
도미니카 공화국,4,202105
몰디브,4,202105
팔레스타인,4,202105
트리니다드ㆍ토바고,4,202105
아이슬란드,4,202105
나우루,4,202105
카타르,4,202105
말라위,3,202105
소말리아,3,202105
모잠비크,3,202105
라이베리아,3,202105
몰타,3,202105
수단,3,202105
슬로베니아,3,202105
코스타리카,3,202105
나미비아,3,202105
아르메니아,3,202105
콩고민주공화국,3,202105
보스니아ㆍ헤르체고비나,3,202105
온두라스,3,202105
마다가스카르,3,202105
세이셸,3,202105
마케도니아,3,202105
짐바브웨,2,202105
감비아,2,202105
마카오,2,202105
파라과이,2,202105
바레인,2,202105
콩고,2,202105
쿠바,2,202105
우간다,2,202105
에리트리아,2,202105
바하마,2,202105
부탄,2,202105
오만,2,202105
바누아투,2,202105
세네갈,2,202105
벨리즈,1,202105
스와질랜드,1,202105
시에라리온,1,202105
가봉,1,202105
아이티,1,202105
바베이도스,1,202105
코트디부아르,1,202105
쿠웨이트,1,202105
세인트 루치아,1,202105
알바니아,1,202105
보츠와나,1,202105
브루나이,1,202105
모리셔스,1,202105
파푸아뉴기니,1,202105
통가,1,202105
중국,16830,202104
미국,12944,202104
필리핀,8398,202104
미얀마,4334,202104
인도네시아,3680,202104
인도,2357,202104
러시아,2311,202104
우즈베키스탄,1444,202104
캐나다,1402,202104
베트남,1349,202104
네덜란드,1237,202104
우크라이나,1206,202104
독일,1171,202104
일본,872,202104
프랑스,795,202104
카자흐스탄,627,202104
캄보디아,602,202104
태국,505,202104
파키스탄,417,202104
터키,363,202104
스리랑카,306,202104
에티오피아,298,202104
멕시코,289,202104
영국,283,202104
대만,278,202104
폴란드,272,202104
루마니아,261,202104
말레이시아,252,202104
그리스,235,202104
이탈리아,218,202104
방글라데시,199,202104
호주,169,202104
핀란드,162,202104
몽골,157,202104
키르기스스탄,151,202104
뉴질랜드,123,202104
불가리아,120,202104
오스트리아,115,202104
타지키스탄,114,202104
이집트,108,202104
싱가포르,101,202104
벨기에,101,202104
크로아티아,98,202104
이스라엘,93,202104
브라질,91,202104
스페인,84,202104
키리바시,71,202104
스위스,70,202104
네팔,70,202104
덴마크,68,202104
아랍에미리트,68,202104
세르비아,61,202104
스웨덴,59,202104
헝가리,48,202104
몬테네그로,47,202104
동티모로,47,202104
모로코,46,202104
이라크,39,202104
아일랜드,38,202104
홍콩,38,202104
그루지아,37,202104
요르단,37,202104
체코,36,202104
튀니지,34,202104
남아프리카공화국,31,202104
벨라루스,29,202104
케냐,29,202104
레바논,29,202104
가나,28,202104
포르투갈,27,202104
노르웨이,26,202104
슬로바키아,26,202104
리투아니아,24,202104
탄자니아,19,202104
아제르바이잔,19,202104
사우디아라비아,18,202104
시리아,18,202104
파나마,18,202104
콜롬비아,17,202104
아르헨티나,16,202104
베네수엘라,16,202104
이란,15,202104
라트비아,13,202104
나이지리아,13,202104
슬로베니아,13,202104
룩셈부르크,13,202104
리비아,13,202104
예멘,12,202104
알제리,12,202104
칠레,12,202104
수단,11,202104
에스토니아,10,202104
아프가니스탄,10,202104
세네갈,8,202104
아이슬란드,8,202104
라오스,7,202104
앙골라,7,202104
보스니아ㆍ헤르체고비나,7,202104
바레인,6,202104
사이프러스,6,202104
볼리비아,6,202104
피지,6,202104
잠비아,6,202104
엘살바도르,6,202104
페루,5,202104
팔레스타인,5,202104
카메룬,5,202104
모잠비크,5,202104
바누아투,5,202104
도미니카 공화국,4,202104
콩고민주공화국,4,202104
말리,3,202104
쿠웨이트,3,202104
몰도바,3,202104
쿠바,3,202104
온두라스,3,202104
세인트 빈센트 그레나딘,3,202104
자메이카,2,202104
벨리즈,2,202104
르완다,2,202104
코트디부아르,2,202104
세인트 킷츠 네비스,2,202104
부룬디,2,202104
부탄,2,202104
시에라리온,2,202104
적도 기니,2,202104
도미니카연방,2,202104
미국령 사모아,2,202104
보츠와나,2,202104
브루나이,2,202104
몰디브,2,202104
몰타,2,202104
오만,2,202104
세이셸,2,202104
트리니다드ㆍ토바고,2,202104
마케도니아,2,202104
수리남,1,202104
중앙아프리카공화국,1,202104
파라과이,1,202104
콩고,1,202104
니카라과,1,202104
에콰도르,1,202104
미크로네시아,1,202104
알바니아,1,202104
감비아,1,202104
카보베르데,1,202104
차드,1,202104
바하마,1,202104
바베이도스,1,202104
코스타리카,1,202104
마다가스카르,1,202104
모리셔스,1,202104
나미비아,1,202104
카타르,1,202104
짐바브웨,1,202104
투르크메니스탄,1,202104
우간다,1,202104
중국,18980,202103
미국,12321,202103
필리핀,9268,202103
미얀마,4772,202103
인도네시아,3593,202103
인도,2970,202103
러시아,2417,202103
베트남,2144,202103
캐나다,1332,202103
우크라이나,1329,202103
네덜란드,1161,202103
독일,1069,202103
프랑스,1013,202103
일본,949,202103
우즈베키스탄,930,202103
카자흐스탄,643,202103
캄보디아,532,202103
터키,477,202103
태국,474,202103
방글라데시,428,202103
스리랑카,385,202103
영국,344,202103
말레이시아,333,202103
대만,326,202103
폴란드,316,202103
에티오피아,306,202103
그리스,301,202103
파키스탄,270,202103
멕시코,270,202103
루마니아,254,202103
불가리아,222,202103
핀란드,183,202103
이탈리아,182,202103
몽골,178,202103
호주,172,202103
스페인,165,202103
브라질,117,202103
벨기에,115,202103
뉴질랜드,107,202103
오스트리아,101,202103
크로아티아,93,202103
키르기스스탄,92,202103
홍콩,89,202103
이집트,84,202103
싱가포르,83,202103
아랍에미리트,74,202103
스위스,69,202103
타지키스탄,64,202103
시리아,62,202103
헝가리,61,202103
남아프리카공화국,60,202103
그루지아,59,202103
덴마크,56,202103
스웨덴,56,202103
요르단,55,202103
사우디아라비아,55,202103
나이지리아,53,202103
포르투갈,50,202103
이라크,44,202103
가나,43,202103
아일랜드,42,202103
이란,41,202103
세르비아,39,202103
모로코,38,202103
이스라엘,37,202103
노르웨이,36,202103
케냐,35,202103
아제르바이잔,35,202103
라트비아,34,202103
튀니지,34,202103
체코,31,202103
몬테네그로,28,202103
리비아,26,202103
네팔,26,202103
아르헨티나,26,202103
레바논,24,202103
리투아니아,21,202103
콜롬비아,20,202103
키리바시,19,202103
벨라루스,18,202103
카메룬,17,202103
수단,17,202103
페루,16,202103
예멘,16,202103
베네수엘라,16,202103
칠레,15,202103
알제리,15,202103
슬로바키아,15,202103
아프가니스탄,14,202103
라오스,14,202103
우간다,13,202103
보스니아ㆍ헤르체고비나,13,202103
에스토니아,12,202103
탄자니아,11,202103
아이슬란드,10,202103
볼리비아,9,202103
카타르,9,202103
부탄,8,202103
슬로베니아,8,202103
브루나이,8,202103
짐바브웨,7,202103
에콰도르,7,202103
파나마,7,202103
부룬디,7,202103
룩셈부르크,7,202103
아르메니아,6,202103
피지,6,202103
과테말라,5,202103
마카오,5,202103
코스타리카,5,202103
모리셔스,5,202103
자메이카,5,202103
엘살바도르,4,202103
몰타,4,202103
오만,4,202103
마케도니아,4,202103
팔레스타인,3,202103
동티모로,3,202103
앙골라,3,202103
르완다,3,202103
쿠바,3,202103
모잠비크,3,202103
나우루,3,202103
세네갈,3,202103
세이셸,3,202103
알바니아,2,202103
시에라리온,2,202103
온두라스,2,202103
나미비아,2,202103
사이프러스,2,202103
파푸아뉴기니,2,202103
트리니다드ㆍ토바고,2,202103
가봉,2,202103
몰도바,2,202103
세인트 빈센트 그레나딘,2,202103
우르과이,2,202103
콩고민주공화국,1,202103
중앙아프리카공화국,1,202103
도미니카 공화국,1,202103
말라위,1,202103
콩고,1,202103
적도 기니,1,202103
쿠웨이트,1,202103
소말리아,1,202103
세인트 루치아,1,202103
잠비아,1,202103
감비아,1,202103
유고슬라비아,1,202103
바레인,1,202103
베냉,1,202103
부르키나 파소,1,202103
니카라과,1,202103
바베이도스,1,202103
보츠와나,1,202103
도미니카연방,1,202103
마다가스카르,1,202103
모나코,1,202103
통가,1,202103
코트디부아르,1,202103
중국,11982,202102
미국,11212,202102
필리핀,8006,202102
미얀마,4268,202102
인도네시아,3543,202102
러시아,2432,202102
인도,2320,202102
프랑스,1811,202102
일본,1719,202102
베트남,1702,202102
독일,1476,202102
캐나다,1300,202102
우크라이나,1207,202102
네덜란드,853,202102
카자흐스탄,737,202102
우즈베키스탄,615,202102
영국,485,202102
캄보디아,463,202102
대만,444,202102
태국,405,202102
말레이시아,394,202102
터키,376,202102
멕시코,328,202102
에티오피아,328,202102
몽골,327,202102
파키스탄,325,202102
이탈리아,303,202102
폴란드,269,202102
루마니아,223,202102
핀란드,213,202102
스페인,208,202102
그리스,190,202102
호주,187,202102
벨기에,175,202102
스리랑카,161,202102
브라질,152,202102
불가리아,151,202102
스위스,147,202102
홍콩,129,202102
리비아,122,202102
스웨덴,118,202102
뉴질랜드,118,202102
오스트리아,111,202102
방글라데시,109,202102
크로아티아,108,202102
모로코,100,202102
헝가리,98,202102
이집트,93,202102
싱가포르,92,202102
사우디아라비아,89,202102
아랍에미리트,88,202102
덴마크,83,202102
나이지리아,83,202102
체코,70,202102
남아프리카공화국,70,202102
아일랜드,64,202102
노르웨이,62,202102
포르투갈,61,202102
몬테네그로,60,202102
이라크,53,202102
탄자니아,51,202102
타지키스탄,51,202102
요르단,50,202102
이란,47,202102
세르비아,47,202102
라트비아,47,202102
리투아니아,46,202102
케냐,46,202102
키리바시,46,202102
콜롬비아,45,202102
가나,43,202102
그루지아,43,202102
네팔,36,202102
슬로바키아,36,202102
튀니지,35,202102
벨라루스,34,202102
베네수엘라,33,202102
칠레,33,202102
라오스,33,202102
아제르바이잔,29,202102
아르헨티나,25,202102
키르기스스탄,25,202102
우간다,24,202102
카메룬,23,202102
알제리,22,202102
페루,21,202102
르완다,19,202102
에콰도르,19,202102
시리아,19,202102
아프가니스탄,18,202102
이스라엘,18,202102
슬로베니아,15,202102
몰도바,14,202102
에스토니아,11,202102
룩셈부르크,10,202102
부룬디,9,202102
레바논,9,202102
콩고민주공화국,8,202102
도미니카 공화국,8,202102
코스타리카,8,202102
보스니아ㆍ헤르체고비나,8,202102
짐바브웨,7,202102
볼리비아,7,202102
예멘,7,202102
파라과이,7,202102
오만,7,202102
아이슬란드,7,202102
피지,7,202102
자메이카,6,202102
수단,6,202102
잠비아,6,202102
엘살바도르,6,202102
팔레스타인,6,202102
세네갈,6,202102
사이프러스,6,202102
파나마,5,202102
앙골라,5,202102
쿠웨이트,5,202102
마다가스카르,5,202102
마카오,4,202102
코트디부아르,4,202102
바레인,4,202102
부탄,4,202102
투르크메니스탄,4,202102
말라위,4,202102
나미비아,4,202102
카타르,4,202102
기니,3,202102
트리니다드ㆍ토바고,3,202102
과테말라,3,202102
우르과이,3,202102
가봉,3,202102
모리셔스,3,202102
마케도니아,3,202102
쿠바,2,202102
보츠와나,2,202102
유고슬라비아,2,202102
남수단공화국,2,202102
모잠비크,2,202102
부르키나 파소,2,202102
라이베리아,2,202102
몰타,2,202102
말리,2,202102
베냉,2,202102
알바니아,2,202102
세인트 빈센트 그레나딘,2,202102
투발루,2,202102
감비아,1,202102
온두라스,1,202102
적도 기니,1,202102
중앙아프리카공화국,1,202102
니카라과,1,202102
지부티,1,202102
미크로네시아,1,202102
가이아나,1,202102
모리타니,1,202102
기니비사우,1,202102
소말리아,1,202102
솔로몬군도,1,202102
시에라리온,1,202102
리히텐슈타인,1,202102
바하마,1,202102
브루나이,1,202102
세이셸,1,202102
수리남,1,202102
스와질랜드,1,202102
서사모아,1,202102
코소보,1,202102
미국,12013,202101
필리핀,8087,202101
중국,7346,202101
미얀마,5249,202101
인도네시아,3193,202101
인도,2725,202101
러시아,1911,202101
캐나다,1488,202101
일본,1299,202101
네덜란드,1156,202101
독일,1129,202101
프랑스,1109,202101
베트남,1012,202101
우크라이나,993,202101
태국,628,202101
카자흐스탄,452,202101
영국,407,202101
우즈베키스탄,395,202101
캄보디아,390,202101
폴란드,336,202101
터키,323,202101
에티오피아,316,202101
멕시코,283,202101
루마니아,256,202101
대만,253,202101
말레이시아,237,202101
스리랑카,224,202101
그리스,206,202101
핀란드,206,202101
호주,205,202101
이탈리아,186,202101
파키스탄,176,202101
리비아,165,202101
방글라데시,164,202101
브라질,144,202101
불가리아,138,202101
벨기에,130,202101
크로아티아,122,202101
몽골,119,202101
덴마크,107,202101
스페인,106,202101
뉴질랜드,104,202101
오스트리아,101,202101
싱가포르,86,202101
이집트,80,202101
남아프리카공화국,79,202101
스웨덴,76,202101
홍콩,61,202101
노르웨이,59,202101
몬테네그로,54,202101
슬로바키아,54,202101
스위스,53,202101
아랍에미리트,52,202101
이라크,50,202101
포르투갈,48,202101
헝가리,48,202101
체코,47,202101
아일랜드,45,202101
가나,45,202101
라트비아,44,202101
모로코,41,202101
세르비아,39,202101
네팔,38,202101
요르단,35,202101
나이지리아,34,202101
케냐,32,202101
사우디아라비아,32,202101
튀니지,32,202101
그루지아,31,202101
타지키스탄,30,202101
벨라루스,27,202101
베네수엘라,24,202101
이란,23,202101
콜롬비아,23,202101
시리아,23,202101
레바논,23,202101
아르헨티나,20,202101
이스라엘,19,202101
키르기스스탄,19,202101
알제리,19,202101
칠레,18,202101
우간다,18,202101
탄자니아,17,202101
아프가니스탄,16,202101
에콰도르,15,202101
카메룬,15,202101
리투아니아,14,202101
르완다,14,202101
모잠비크,13,202101
콩고민주공화국,13,202101
키리바시,13,202101
도미니카 공화국,12,202101
몰도바,10,202101
오만,10,202101
짐바브웨,10,202101
피지,10,202101
말라위,10,202101
룩셈부르크,9,202101
수단,8,202101
아이슬란드,8,202101
페루,8,202101
코스타리카,8,202101
예멘,8,202101
동티모로,8,202101
아제르바이잔,7,202101
에스토니아,7,202101
사이프러스,6,202101
엘살바도르,6,202101
우르과이,6,202101
슬로베니아,6,202101
카타르,6,202101
세네갈,5,202101
모리셔스,5,202101
서사모아,5,202101
감비아,4,202101
라이베리아,4,202101
라오스,4,202101
과테말라,4,202101
코트디부아르,3,202101
마다가스카르,3,202101
잠비아,3,202101
기니,3,202101
바누아투,3,202101
마샬군도,3,202101
보스니아ㆍ헤르체고비나,3,202101
자메이카,3,202101
나우루,3,202101
부룬디,2,202101
콩고,2,202101
바레인,2,202101
소말리아,2,202101
니카라과,2,202101
앙골라,2,202101
팔레스타인,2,202101
몰타,2,202101
파라과이,2,202101
볼리비아,2,202101
몰디브,2,202101
파나마,2,202101
파푸아뉴기니,2,202101
트리니다드ㆍ토바고,2,202101
마케도니아,2,202101
가봉,1,202101
코소보,1,202101
유고슬라비아,1,202101
알바니아,1,202101
시에라리온,1,202101
가이아나,1,202101
부르키나 파소,1,202101
적도 기니,1,202101
기니비사우,1,202101
코모로,1,202101
쿠바,1,202101
도미니카연방,1,202101
아이티,1,202101
말리,1,202101
부탄,1,202101
브루나이,1,202101
그레나다,1,202101
리히텐슈타인,1,202101
모나코,1,202101
세인트 루치아,1,202101
미국,12102,202012
필리핀,9718,202012
중국,7987,202012
미얀마,5927,202012
인도네시아,4790,202012
인도,2283,202012
러시아,1962,202012
베트남,1769,202012
캐나다,1444,202012
네덜란드,1115,202012
독일,1111,202012
우크라이나,1002,202012
일본,951,202012
프랑스,898,202012
영국,554,202012
캄보디아,428,202012
터키,385,202012
태국,383,202012
싱가포르,381,202012
에티오피아,344,202012
멕시코,318,202012
폴란드,307,202012
대만,264,202012
말레이시아,261,202012
포르투갈,260,202012
카자흐스탄,252,202012
호주,230,202012
스리랑카,208,202012
불가리아,189,202012
루마니아,186,202012
우즈베키스탄,174,202012
그리스,169,202012
핀란드,168,202012
이탈리아,161,202012
방글라데시,152,202012
파키스탄,135,202012
몽골,135,202012
뉴질랜드,125,202012
벨기에,118,202012
크로아티아,117,202012
브라질,104,202012
이집트,103,202012
남아프리카공화국,98,202012
아랍에미리트,88,202012
오스트리아,87,202012
덴마크,79,202012
스페인,68,202012
헝가리,65,202012
몬테네그로,62,202012
홍콩,59,202012
리비아,58,202012
이라크,48,202012
모로코,48,202012
네팔,46,202012
요르단,44,202012
시리아,42,202012
스웨덴,39,202012
스위스,39,202012
아일랜드,37,202012
그루지아,35,202012
이스라엘,35,202012
세르비아,31,202012
튀니지,29,202012
라트비아,26,202012
체코,26,202012
아제르바이잔,22,202012
키르기스스탄,21,202012
케냐,21,202012
노르웨이,20,202012
베네수엘라,20,202012
키리바시,20,202012
가나,19,202012
벨라루스,19,202012
나이지리아,19,202012
슬로바키아,19,202012
리투아니아,19,202012
라오스,18,202012
콜롬비아,16,202012
레바논,16,202012
아르헨티나,13,202012
이란,13,202012
칠레,12,202012
알제리,12,202012
사우디아라비아,10,202012
아프가니스탄,10,202012
탄자니아,10,202012
우간다,9,202012
오만,9,202012
사이프러스,9,202012
슬로베니아,8,202012
룩셈부르크,8,202012
코스타리카,7,202012
에콰도르,7,202012
수단,7,202012
동티모로,7,202012
모잠비크,7,202012
페루,6,202012
아이슬란드,6,202012
타지키스탄,5,202012
몰타,5,202012
파나마,5,202012
예멘,5,202012
몰도바,5,202012
볼리비아,5,202012
서사모아,5,202012
엘살바도르,4,202012
나우루,4,202012
세네갈,3,202012
마다가스카르,3,202012
짐바브웨,3,202012
트리니다드ㆍ토바고,3,202012
마카오,3,202012
아르메니아,3,202012
카메룬,3,202012
파라과이,3,202012
카타르,3,202012
투르크메니스탄,3,202012
보스니아ㆍ헤르체고비나,3,202012
자메이카,3,202012
라이베리아,2,202012
기니,2,202012
시에라리온,2,202012
도미니카 공화국,2,202012
코트디부아르,2,202012
쿠웨이트,2,202012
르완다,2,202012
과테말라,2,202012
팔레스타인,2,202012
잠비아,2,202012
바베이도스,2,202012
모리셔스,2,202012
마케도니아,2,202012
콩고민주공화국,1,202012
유고슬라비아,1,202012
부르키나 파소,1,202012
도미니카연방,1,202012
말리,1,202012
나미비아,1,202012
바하마,1,202012
바레인,1,202012
에스토니아,1,202012
피지,1,202012
감비아,1,202012
세인트 빈센트 그레나딘,1,202012
세이셸,1,202012
토켈라우,1,202012
투발루,1,202012
우르과이,1,202012
미국,13100,202011
필리핀,9700,202011
중국,9174,202011
미얀마,4765,202011
인도네시아,3723,202011
인도,1938,202011
러시아,1806,202011
캐나다,1294,202011
베트남,1269,202011
일본,1254,202011
독일,1132,202011
우크라이나,1103,202011
네덜란드,986,202011
프랑스,958,202011
영국,661,202011
태국,391,202011
터키,356,202011
폴란드,351,202011
멕시코,348,202011
에티오피아,314,202011
카자흐스탄,299,202011
대만,299,202011
캄보디아,278,202011
루마니아,262,202011
이탈리아,247,202011
호주,238,202011
싱가포르,216,202011
방글라데시,212,202011
불가리아,210,202011
핀란드,200,202011
몽골,171,202011
말레이시아,168,202011
벨기에,139,202011
스리랑카,138,202011
크로아티아,137,202011
그리스,136,202011
오스트리아,118,202011
뉴질랜드,110,202011
스페인,109,202011
우즈베키스탄,95,202011
남아프리카공화국,94,202011
이집트,90,202011
홍콩,89,202011
아랍에미리트,86,202011
덴마크,80,202011
포르투갈,79,202011
스웨덴,76,202011
몬테네그로,75,202011
브라질,74,202011
노르웨이,68,202011
파키스탄,67,202011
네팔,64,202011
스위스,60,202011
이스라엘,59,202011
헝가리,56,202011
모로코,53,202011
사우디아라비아,50,202011
키르기스스탄,47,202011
이라크,46,202011
아일랜드,45,202011
체코,42,202011
세르비아,42,202011
그루지아,41,202011
라트비아,41,202011
콜롬비아,37,202011
요르단,35,202011
튀니지,34,202011
리투아니아,31,202011
나이지리아,30,202011
아제르바이잔,30,202011
탄자니아,27,202011
리비아,27,202011
이란,25,202011
가나,23,202011
키리바시,21,202011
시리아,20,202011
아르헨티나,19,202011
에스토니아,19,202011
베네수엘라,17,202011
슬로바키아,17,202011
콩고민주공화국,13,202011
벨라루스,13,202011
카타르,13,202011
페루,13,202011
라오스,13,202011
우간다,13,202011
레바논,13,202011
아프가니스탄,11,202011
칠레,11,202011
에콰도르,11,202011
수단,11,202011
몰도바,11,202011
케냐,11,202011
슬로베니아,10,202011
코스타리카,9,202011
알제리,8,202011
모잠비크,7,202011
오만,7,202011
아이슬란드,7,202011
세네갈,7,202011
사이프러스,7,202011
타지키스탄,6,202011
파나마,6,202011
룩셈부르크,6,202011
볼리비아,6,202011
피지,5,202011
잠비아,4,202011
가봉,4,202011
마다가스카르,4,202011
파라과이,4,202011
짐바브웨,4,202011
모리셔스,4,202011
몰타,3,202011
아르메니아,3,202011
파푸아뉴기니,3,202011
우르과이,2,202011
과테말라,2,202011
유고슬라비아,2,202011
중앙아프리카공화국,2,202011
세인트 킷츠 네비스,2,202011
마카오,2,202011
남수단공화국,2,202011
팔레스타인,2,202011
트리니다드ㆍ토바고,2,202011
엘살바도르,2,202011
바레인,2,202011
보스니아ㆍ헤르체고비나,2,202011
자메이카,2,202011
세이셸,2,202011
시에라리온,1,202011
콩고,1,202011
쿠바,1,202011
라이베리아,1,202011
카메룬,1,202011
부룬디,1,202011
토고,1,202011
베냉,1,202011
세인트 빈센트 그레나딘,1,202011
도미니카 공화국,1,202011
브루나이,1,202011
앙골라,1,202011
온두라스,1,202011
말라위,1,202011
몰디브,1,202011
모나코,1,202011
나미비아,1,202011
서사모아,1,202011
앤티가 바부다,1,202011
미국,12366,202010
중국,11477,202010
필리핀,9041,202010
미얀마,4935,202010
인도네시아,3230,202010
인도,2348,202010
러시아,2240,202010
캐나다,1354,202010
독일,1143,202010
네덜란드,1044,202010
프랑스,1008,202010
일본,927,202010
베트남,853,202010
우크라이나,812,202010
영국,522,202010
태국,460,202010
터키,308,202010
폴란드,306,202010
에티오피아,302,202010
대만,299,202010
캄보디아,274,202010
스리랑카,243,202010
카자흐스탄,233,202010
이탈리아,231,202010
멕시코,223,202010
방글라데시,217,202010
루마니아,212,202010
우즈베키스탄,202,202010
그리스,197,202010
말레이시아,180,202010
호주,170,202010
핀란드,164,202010
네팔,138,202010
싱가포르,134,202010
벨기에,129,202010
오스트리아,111,202010
스페인,107,202010
헝가리,107,202010
사우디아라비아,105,202010
불가리아,99,202010
크로아티아,97,202010
이집트,97,202010
뉴질랜드,86,202010
브라질,81,202010
남아프리카공화국,78,202010
몽골,75,202010
몬테네그로,66,202010
스웨덴,65,202010
덴마크,62,202010
홍콩,59,202010
키르기스스탄,55,202010
요르단,54,202010
파키스탄,54,202010
노르웨이,53,202010
아랍에미리트,52,202010
이라크,49,202010
스위스,46,202010
모로코,45,202010
아일랜드,41,202010
포르투갈,39,202010
라트비아,38,202010
세르비아,38,202010
튀니지,38,202010
이스라엘,36,202010
시리아,31,202010
키리바시,31,202010
체코,30,202010
리비아,29,202010
리투아니아,27,202010
벨라루스,24,202010
콜롬비아,23,202010
수단,22,202010
케냐,21,202010
오만,21,202010
나이지리아,20,202010
이란,20,202010
슬로바키아,20,202010
레바논,20,202010
칠레,18,202010
아르헨티나,18,202010
가나,17,202010
아제르바이잔,17,202010
그루지아,15,202010
아프가니스탄,13,202010
알제리,12,202010
파나마,12,202010
우간다,11,202010
유고슬라비아,11,202010
탄자니아,11,202010
볼리비아,10,202010
예멘,10,202010
룩셈부르크,10,202010
베네수엘라,9,202010
슬로베니아,8,202010
르완다,8,202010
라오스,7,202010
에스토니아,7,202010
모잠비크,7,202010
타지키스탄,6,202010
부룬디,6,202010
세네갈,6,202010
남수단공화국,6,202010
과테말라,6,202010
마카오,6,202010
피지,5,202010
코스타리카,5,202010
서사모아,5,202010
페루,4,202010
사이프러스,4,202010
보스니아ㆍ헤르체고비나,4,202010
엘살바도르,4,202010
카타르,4,202010
라이베리아,3,202010
파푸아뉴기니,3,202010
알바니아,3,202010
도미니카연방,3,202010
몰도바,3,202010
모리셔스,3,202010
도미니카 공화국,2,202010
트리니다드ㆍ토바고,2,202010
브루나이,2,202010
니카라과,2,202010
말라위,2,202010
부탄,2,202010
콩고민주공화국,2,202010
자메이카,1,202010
코트디부아르,1,202010
카메룬,1,202010
팔레스타인,1,202010
부르키나 파소,1,202010
시에라리온,1,202010
세인트 킷츠 네비스,1,202010
쿠웨이트,1,202010
우르과이,1,202010
기니,1,202010
에콰도르,1,202010
앙골라,1,202010
바레인,1,202010
쿠바,1,202010
아이슬란드,1,202010
마다가스카르,1,202010
몰타,1,202010
세인트 빈센트 그레나딘,1,202010
세이셸,1,202010
짐바브웨,1,202010
통가,1,202010
투르크메니스탄,1,202010
중국,15307,202009
미국,12426,202009
필리핀,8485,202009
미얀마,4899,202009
인도네시아,3396,202009
인도,2408,202009
러시아,1700,202009
베트남,1447,202009
캐나다,1326,202009
독일,1084,202009
프랑스,949,202009
우크라이나,879,202009
네덜란드,875,202009
일본,794,202009
태국,523,202009
영국,470,202009
우즈베키스탄,414,202009
터키,381,202009
폴란드,365,202009
대만,329,202009
네팔,291,202009
에티오피아,261,202009
카자흐스탄,258,202009
몽골,239,202009
스리랑카,235,202009
루마니아,224,202009
방글라데시,213,202009
핀란드,191,202009
그리스,188,202009
멕시코,186,202009
말레이시아,186,202009
크로아티아,153,202009
이탈리아,146,202009
호주,145,202009
캄보디아,120,202009
홍콩,115,202009
불가리아,112,202009
오스트리아,100,202009
브라질,100,202009
싱가포르,97,202009
헝가리,95,202009
벨기에,94,202009
뉴질랜드,91,202009
남아프리카공화국,86,202009
이집트,83,202009
시리아,72,202009
파키스탄,72,202009
스페인,68,202009
스웨덴,66,202009
덴마크,60,202009
스위스,55,202009
노르웨이,55,202009
키르기스스탄,55,202009
이라크,48,202009
요르단,47,202009
몬테네그로,47,202009
이란,43,202009
아랍에미리트,40,202009
아일랜드,39,202009
모로코,39,202009
사우디아라비아,36,202009
체코,35,202009
튀니지,31,202009
세르비아,31,202009
라트비아,27,202009
가나,23,202009
케냐,22,202009
벨라루스,21,202009
포르투갈,20,202009
에스토니아,19,202009
레바논,18,202009
에콰도르,18,202009
탄자니아,18,202009
그루지아,18,202009
리투아니아,17,202009
슬로바키아,16,202009
아제르바이잔,16,202009
타지키스탄,14,202009
나이지리아,14,202009
이스라엘,13,202009
리비아,13,202009
아르헨티나,13,202009
키리바시,13,202009
칠레,11,202009
예멘,11,202009
슬로베니아,10,202009
베네수엘라,10,202009
수단,9,202009
콩고민주공화국,9,202009
페루,9,202009
아프가니스탄,9,202009
파나마,9,202009
라오스,9,202009
콜롬비아,8,202009
카메룬,8,202009
마카오,7,202009
알제리,7,202009
몰도바,7,202009
나우루,7,202009
사이프러스,6,202009
룩셈부르크,6,202009
보스니아ㆍ헤르체고비나,6,202009
오만,6,202009
우간다,5,202009
통가,5,202009
엘살바도르,5,202009
짐바브웨,4,202009
파라과이,4,202009
세네갈,4,202009
코스타리카,4,202009
모리셔스,4,202009
카타르,4,202009
볼리비아,4,202009
피지,4,202009
자메이카,4,202009
몰디브,3,202009
아이슬란드,3,202009
브루나이,3,202009
유고슬라비아,3,202009
르완다,3,202009
바레인,3,202009
과테말라,3,202009
세이셸,3,202009
서사모아,3,202009
바누아투,2,202009
팔라우,2,202009
감비아,2,202009
부룬디,2,202009
보츠와나,2,202009
콩고,2,202009
말라위,2,202009
투르크메니스탄,2,202009
알바니아,2,202009
몰타,2,202009
파푸아뉴기니,2,202009
트리니다드ㆍ토바고,2,202009
마케도니아,2,202009
코소보,1,202009
가봉,1,202009
우르과이,1,202009
아르메니아,1,202009
쿠웨이트,1,202009
가이아나,1,202009
세인트 킷츠 네비스,1,202009
마다가스카르,1,202009
팔레스타인,1,202009
부르키나 파소,1,202009
잠비아,1,202009
나미비아,1,202009
뉴칼레도니아,1,202009
마샬군도,1,202009
세인트 빈센트 그레나딘,1,202009
중국,16275,202008
미국,13368,202008
필리핀,7362,202008
미얀마,4141,202008
인도네시아,2830,202008
러시아,2086,202008
인도,2060,202008
베트남,1938,202008
프랑스,1799,202008
독일,1580,202008
일본,1275,202008
캐나다,1164,202008
우크라이나,1000,202008
태국,781,202008
네덜란드,772,202008
대만,655,202008
영국,619,202008
몽골,561,202008
터키,439,202008
폴란드,394,202008
카자흐스탄,329,202008
방글라데시,278,202008
말레이시아,276,202008
그리스,264,202008
루마니아,251,202008
핀란드,239,202008
멕시코,236,202008
이탈리아,229,202008
스페인,189,202008
캄보디아,178,202008
홍콩,167,202008
스리랑카,166,202008
벨기에,166,202008
오스트리아,157,202008
호주,156,202008
불가리아,149,202008
덴마크,141,202008
싱가포르,124,202008
스웨덴,123,202008
스위스,122,202008
뉴질랜드,119,202008
크로아티아,115,202008
이집트,109,202008
헝가리,102,202008
브라질,101,202008
에티오피아,99,202008
남아프리카공화국,95,202008
파키스탄,94,202008
체코,70,202008
요르단,67,202008
나이지리아,65,202008
모로코,64,202008
우즈베키스탄,64,202008
노르웨이,64,202008
리투아니아,62,202008
탄자니아,62,202008
아일랜드,59,202008
이란,55,202008
아랍에미리트,55,202008
포르투갈,52,202008
콜롬비아,47,202008
키르기스스탄,41,202008
몬테네그로,40,202008
가나,39,202008
슬로바키아,38,202008
라트비아,38,202008
세르비아,38,202008
시리아,37,202008
이스라엘,36,202008
벨라루스,36,202008
이라크,36,202008
케냐,32,202008
아제르바이잔,29,202008
아프가니스탄,28,202008
그루지아,28,202008
튀니지,28,202008
슬로베니아,24,202008
라오스,23,202008
키리바시,23,202008
에콰도르,20,202008
르완다,19,202008
에스토니아,18,202008
칠레,18,202008
페루,17,202008
알제리,16,202008
룩셈부르크,15,202008
아르헨티나,15,202008
리비아,15,202008
몰도바,14,202008
수단,13,202008
우간다,13,202008
베네수엘라,13,202008
레바논,13,202008
타지키스탄,12,202008
브루나이,12,202008
카메룬,12,202008
예멘,11,202008
세네갈,11,202008
사우디아라비아,10,202008
볼리비아,9,202008
마카오,9,202008
피지,9,202008
파나마,9,202008
자메이카,7,202008
모리셔스,7,202008
잠비아,7,202008
코스타리카,7,202008
보스니아ㆍ헤르체고비나,7,202008
온두라스,6,202008
사이프러스,6,202008
짐바브웨,6,202008
카타르,6,202008
콩고민주공화국,5,202008
아이슬란드,5,202008
가봉,5,202008
과테말라,5,202008
바레인,5,202008
마다가스카르,5,202008
서사모아,5,202008
코트디부아르,4,202008
모잠비크,4,202008
아르메니아,4,202008
네팔,4,202008
몰디브,4,202008
엘살바도르,3,202008
오만,3,202008
카보베르데,3,202008
도미니카 공화국,3,202008
라이베리아,3,202008
투발루,3,202008
마케도니아,3,202008
세인트 킷츠 네비스,2,202008
유고슬라비아,2,202008
부르키나 파소,2,202008
보츠와나,2,202008
앙골라,2,202008
소말리아,2,202008
쿠웨이트,2,202008
투르크메니스탄,2,202008
아이티,2,202008
기니,2,202008
알바니아,2,202008
도미니카연방,2,202008
베냉,2,202008
파라과이,2,202008
쿠바,1,202008
트리니다드ㆍ토바고,1,202008
부룬디,1,202008
감비아,1,202008
바하마,1,202008
스와질랜드,1,202008
산마리노,1,202008
말리,1,202008
우르과이,1,202008
토고,1,202008
몰타,1,202008
파푸아뉴기니,1,202008
세인트 빈센트 그레나딘,1,202008
세이셸,1,202008
미국,11922,202007
필리핀,10166,202007
중국,9738,202007
인도네시아,4089,202007
미얀마,3803,202007
인도,3694,202007
러시아,2004,202007
우크라이나,1160,202007
독일,1082,202007
베트남,1060,202007
캐나다,848,202007
우즈베키스탄,769,202007
일본,755,202007
네덜란드,745,202007
프랑스,671,202007
영국,632,202007
태국,609,202007
카자흐스탄,401,202007
네팔,385,202007
스리랑카,326,202007
캄보디아,322,202007
폴란드,319,202007
대만,305,202007
터키,271,202007
방글라데시,245,202007
루마니아,228,202007
호주,205,202007
멕시코,151,202007
그리스,151,202007
이집트,136,202007
말레이시아,136,202007
이탈리아,136,202007
파키스탄,125,202007
크로아티아,124,202007
뉴질랜드,117,202007
핀란드,113,202007
불가리아,107,202007
오스트리아,104,202007
덴마크,95,202007
벨기에,90,202007
몽골,81,202007
홍콩,78,202007
스페인,76,202007
남아프리카공화국,67,202007
브라질,62,202007
그루지아,52,202007
모로코,51,202007
몬테네그로,47,202007
시리아,46,202007
에티오피아,45,202007
싱가포르,44,202007
요르단,42,202007
아랍에미리트,41,202007
스위스,41,202007
바누아투,41,202007
아일랜드,37,202007
타지키스탄,37,202007
헝가리,35,202007
세르비아,35,202007
스웨덴,33,202007
노르웨이,32,202007
키리바시,31,202007
벨라루스,29,202007
사우디아라비아,27,202007
포르투갈,26,202007
체코,24,202007
탄자니아,22,202007
튀니지,22,202007
라트비아,22,202007
칠레,21,202007
이라크,20,202007
콜롬비아,20,202007
아제르바이잔,19,202007
나이지리아,18,202007
베네수엘라,17,202007
피지,17,202007
키르기스스탄,17,202007
파푸아뉴기니,17,202007
예멘,15,202007
케냐,15,202007
알제리,14,202007
가나,12,202007
페루,12,202007
슬로바키아,12,202007
이란,12,202007
아프가니스탄,11,202007
사이프러스,11,202007
리투아니아,11,202007
파나마,11,202007
레바논,10,202007
에스토니아,9,202007
과테말라,8,202007
카타르,8,202007
보스니아ㆍ헤르체고비나,8,202007
아르헨티나,7,202007
볼리비아,7,202007
코스타리카,6,202007
슬로베니아,6,202007
마카오,6,202007
에콰도르,6,202007
서사모아,6,202007
이스라엘,5,202007
리비아,5,202007
룩셈부르크,5,202007
말리,4,202007
브루나이,4,202007
몰타,4,202007
아이슬란드,4,202007
몰도바,4,202007
나우루,4,202007
세네갈,3,202007
쿠웨이트,3,202007
모리셔스,3,202007
라오스,3,202007
우간다,3,202007
마다가스카르,3,202007
오만,3,202007
마케도니아,3,202007
앙골라,2,202007
카메룬,2,202007
아이티,2,202007
잠비아,2,202007
감비아,2,202007
바하마,2,202007
말라위,2,202007
부르키나 파소,2,202007
트리니다드ㆍ토바고,2,202007
알바니아,2,202007
엘살바도르,2,202007
수단,2,202007
투르크메니스탄,2,202007
세인트 킷츠 네비스,1,202007
기니,1,202007
파라과이,1,202007
니카라과,1,202007
아르메니아,1,202007
온두라스,1,202007
라이베리아,1,202007
유고슬라비아,1,202007
가이아나,1,202007
시에라리온,1,202007
소말리아,1,202007
도미니카연방,1,202007
나미비아,1,202007
세인트 빈센트 그레나딘,1,202007
짐바브웨,1,202007
토켈라우,1,202007
미국,9717,202006
중국,5051,202006
필리핀,2982,202006
인도네시아,2085,202006
러시아,2076,202006
인도,1799,202006
베트남,1032,202006
미얀마,980,202006
캐나다,927,202006
우크라이나,862,202006
독일,798,202006
네덜란드,686,202006
일본,498,202006
네팔,482,202006
영국,433,202006
프랑스,332,202006
카자흐스탄,331,202006
태국,313,202006
크로아티아,251,202006
파키스탄,249,202006
대만,240,202006
우즈베키스탄,233,202006
이탈리아,225,202006
스리랑카,223,202006
캄보디아,212,202006
폴란드,212,202006
그리스,207,202006
방글라데시,169,202006
루마니아,162,202006
터키,134,202006
몽골,124,202006
말레이시아,121,202006
호주,111,202006
포르투갈,110,202006
멕시코,96,202006
벨기에,92,202006
오스트리아,89,202006
뉴질랜드,72,202006
홍콩,62,202006
남아프리카공화국,61,202006
핀란드,59,202006
덴마크,57,202006
사우디아라비아,52,202006
스페인,51,202006
싱가포르,50,202006
아일랜드,49,202006
불가리아,49,202006
콜롬비아,49,202006
브라질,47,202006
시리아,46,202006
노르웨이,44,202006
스웨덴,39,202006
이집트,30,202006
키르기스스탄,28,202006
스위스,27,202006
벨라루스,26,202006
라트비아,25,202006
에티오피아,25,202006
모로코,24,202006
세르비아,23,202006
튀니지,21,202006
체코,20,202006
몬테네그로,20,202006
아제르바이잔,19,202006
그루지아,18,202006
케냐,15,202006
이스라엘,13,202006
요르단,13,202006
리투아니아,12,202006
아랍에미리트,10,202006
아르헨티나,10,202006
수단,10,202006
가나,9,202006
베네수엘라,9,202006
키리바시,9,202006
바누아투,8,202006
아프가니스탄,8,202006
나이지리아,8,202006
헝가리,8,202006
탄자니아,7,202006
리비아,7,202006
볼리비아,7,202006
이란,6,202006
슬로바키아,6,202006
짐바브웨,5,202006
알제리,5,202006
예멘,5,202006
사이프러스,5,202006
알바니아,5,202006
에콰도르,5,202006
몰도바,5,202006
오만,5,202006
에스토니아,4,202006
마카오,4,202006
레바논,4,202006
칠레,4,202006
코스타리카,4,202006
도미니카 공화국,4,202006
엘살바도르,4,202006
자메이카,4,202006
룩셈부르크,4,202006
나우루,4,202006
슬로베니아,4,202006
우간다,4,202006
세네갈,3,202006
페루,3,202006
잠비아,3,202006
몰타,3,202006
보스니아ㆍ헤르체고비나,3,202006
이라크,2,202006
타지키스탄,2,202006
파라과이,2,202006
아르메니아,2,202006
파나마,2,202006
카타르,2,202006
세이셸,2,202006
통가,2,202006
마케도니아,2,202006
가이아나,1,202006
부르키나 파소,1,202006
벨리즈,1,202006
세인트 킷츠 네비스,1,202006
트리니다드ㆍ토바고,1,202006
바하마,1,202006
피지,1,202006
아이티,1,202006
아이슬란드,1,202006
마다가스카르,1,202006
모리셔스,1,202006
파푸아뉴기니,1,202006
세인트 빈센트 그레나딘,1,202006
투르크메니스탄,1,202006
미국,8735,202005
중국,5124,202005
독일,1754,202005
인도네시아,1752,202005
러시아,1641,202005
필리핀,1539,202005
베트남,1381,202005
미얀마,701,202005
캐나다,695,202005
네덜란드,693,202005
스리랑카,442,202005
우크라이나,431,202005
인도,415,202005
일본,413,202005
영국,374,202005
캄보디아,358,202005
파키스탄,215,202005
태국,195,202005
크로아티아,194,202005
대만,189,202005
이탈리아,179,202005
벨기에,179,202005
방글라데시,172,202005
그리스,165,202005
포르투갈,164,202005
프랑스,157,202005
폴란드,140,202005
호주,137,202005
오스트리아,109,202005
루마니아,93,202005
말레이시아,90,202005
몽골,78,202005
멕시코,69,202005
스페인,67,202005
핀란드,55,202005
노르웨이,55,202005
브라질,53,202005
싱가포르,49,202005
불가리아,44,202005
뉴질랜드,40,202005
덴마크,39,202005
이집트,34,202005
남아프리카공화국,29,202005
스위스,28,202005
스웨덴,27,202005
터키,26,202005
카자흐스탄,26,202005
홍콩,24,202005
시리아,23,202005
그루지아,17,202005
몬테네그로,16,202005
아일랜드,16,202005
에티오피아,15,202005
체코,15,202005
라트비아,15,202005
요르단,15,202005
모로코,14,202005
세르비아,14,202005
벨라루스,14,202005
가나,14,202005
아르헨티나,13,202005
케냐,13,202005
튀니지,12,202005
우즈베키스탄,10,202005
콜롬비아,9,202005
아제르바이잔,9,202005
베네수엘라,9,202005
이란,8,202005
리투아니아,8,202005
룩셈부르크,8,202005
키르기스스탄,7,202005
에콰도르,7,202005
예멘,7,202005
알제리,7,202005
헝가리,6,202005
사우디아라비아,6,202005
볼리비아,6,202005
사이프러스,5,202005
페루,5,202005
코스타리카,5,202005
보스니아ㆍ헤르체고비나,5,202005
슬로바키아,4,202005
라오스,4,202005
이스라엘,4,202005
아이슬란드,4,202005
슬로베니아,4,202005
우간다,4,202005
아랍에미리트,3,202005
나이지리아,3,202005
도미니카연방,3,202005
리비아,3,202005
적도 기니,3,202005
카타르,3,202005
과테말라,2,202005
남수단공화국,2,202005
피지,2,202005
네팔,2,202005
타지키스탄,2,202005
에스토니아,2,202005
아프가니스탄,2,202005
바레인,2,202005
키리바시,2,202005
자메이카,2,202005
레바논,2,202005
모리셔스,2,202005
마케도니아,2,202005
가이아나,1,202005
마카오,1,202005
온두라스,1,202005
콩고민주공화국,1,202005
바누아투,1,202005
라이베리아,1,202005
르완다,1,202005
알바니아,1,202005
칠레,1,202005
도미니카 공화국,1,202005
엘살바도르,1,202005
말리,1,202005
몰도바,1,202005
모잠비크,1,202005
오만,1,202005
파나마,1,202005
파라과이,1,202005
세인트 빈센트 그레나딘,1,202005
투르크메니스탄,1,202005
우르과이,1,202005
베트남,6597,202004
미국,6417,202004
중국,3935,202004
인도네시아,1864,202004
러시아,1223,202004
필리핀,1130,202004
독일,1033,202004
미얀마,763,202004
몽골,616,202004
캄보디아,547,202004
캐나다,422,202004
네덜란드,385,202004
일본,360,202004
태국,299,202004
영국,298,202004
프랑스,280,202004
인도,210,202004
스리랑카,183,202004
대만,155,202004
말레이시아,152,202004
호주,124,202004
우크라이나,116,202004
뉴질랜드,98,202004
폴란드,83,202004
루마니아,82,202004
그리스,76,202004
오스트리아,68,202004
파키스탄,67,202004
에티오피아,58,202004
벨기에,57,202004
이탈리아,55,202004
멕시코,55,202004
브라질,52,202004
싱가포르,48,202004
이집트,45,202004
불가리아,43,202004
노르웨이,35,202004
홍콩,35,202004
스웨덴,35,202004
핀란드,35,202004
스위스,33,202004
스페인,31,202004
덴마크,27,202004
터키,26,202004
포르투갈,26,202004
아일랜드,22,202004
크로아티아,22,202004
남아프리카공화국,22,202004
이스라엘,21,202004
베네수엘라,17,202004
사우디아라비아,16,202004
튀니지,16,202004
카자흐스탄,15,202004
가나,14,202004
이란,13,202004
모로코,13,202004
칠레,12,202004
콜롬비아,12,202004
세르비아,12,202004
아르헨티나,11,202004
방글라데시,11,202004
키리바시,11,202004
헝가리,10,202004
볼리비아,9,202004
케냐,9,202004
키르기스스탄,8,202004
우즈베키스탄,7,202004
요르단,7,202004
시리아,6,202004
슬로베니아,6,202004
몬테네그로,5,202004
아이슬란드,5,202004
리투아니아,5,202004
자메이카,4,202004
라오스,4,202004
체코,4,202004
라트비아,4,202004
벨라루스,4,202004
엘살바도르,4,202004
나이지리아,4,202004
카타르,4,202004
가봉,3,202004
니카라과,3,202004
네팔,3,202004
알제리,3,202004
사이프러스,3,202004
룩셈부르크,3,202004
슬로바키아,3,202004
짐바브웨,3,202004
아랍에미리트,3,202004
그루지아,3,202004
예멘,2,202004
코스타리카,2,202004
과테말라,2,202004
솔로몬군도,2,202004
에콰도르,2,202004
쿠웨이트,2,202004
몰타,2,202004
파나마,2,202004
우간다,2,202004
마케도니아,2,202004
페루,1,202004
파라과이,1,202004
지부티,1,202004
아프가니스탄,1,202004
세네갈,1,202004
탄자니아,1,202004
마카오,1,202004
부탄,1,202004
보스니아ㆍ헤르체고비나,1,202004
베냉,1,202004
리비아,1,202004
말리,1,202004
모리셔스,1,202004
몰도바,1,202004
세인트 빈센트 그레나딘,1,202004
투르크메니스탄,1,202004
중국,16595,202003
미국,10570,202003
일본,8347,202003
러시아,5300,202003
필리핀,4539,202003
베트남,4048,202003
인도네시아,3760,202003
미얀마,2519,202003
캐나다,2405,202003
태국,2371,202003
인도,1587,202003
프랑스,1217,202003
독일,1195,202003
캄보디아,1183,202003
영국,1173,202003
네팔,1140,202003
말레이시아,890,202003
우즈베키스탄,782,202003
호주,760,202003
몽골,674,202003
우크라이나,630,202003
네덜란드,597,202003
대만,585,202003
카자흐스탄,567,202003
방글라데시,566,202003
파키스탄,474,202003
스리랑카,441,202003
멕시코,388,202003
폴란드,322,202003
에티오피아,293,202003
브라질,291,202003
뉴질랜드,275,202003
홍콩,262,202003
스페인,255,202003
이탈리아,248,202003
터키,242,202003
남아프리카공화국,237,202003
싱가포르,219,202003
그리스,199,202003
스웨덴,188,202003
체코,181,202003
루마니아,173,202003
벨기에,164,202003
핀란드,144,202003
덴마크,114,202003
아일랜드,106,202003
스위스,105,202003
이집트,103,202003
노르웨이,97,202003
오스트리아,96,202003
키르기스스탄,92,202003
크로아티아,84,202003
나이지리아,83,202003
불가리아,80,202003
모로코,79,202003
콜롬비아,73,202003
아르헨티나,71,202003
가나,68,202003
이스라엘,68,202003
시리아,62,202003
포르투갈,61,202003
페루,53,202003
세르비아,51,202003
칠레,49,202003
헝가리,47,202003
요르단,45,202003
리비아,44,202003
리투아니아,43,202003
타지키스탄,41,202003
튀니지,40,202003
에콰도르,39,202003
케냐,38,202003
라트비아,36,202003
벨라루스,35,202003
베네수엘라,35,202003
이란,34,202003
키리바시,33,202003
슬로바키아,31,202003
사우디아라비아,29,202003
카메룬,29,202003
탄자니아,28,202003
동티모로,27,202003
브루나이,27,202003
이라크,26,202003
몬테네그로,26,202003
아랍에미리트,26,202003
도미니카 공화국,26,202003
알제리,23,202003
자메이카,22,202003
라오스,21,202003
아프가니스탄,18,202003
우간다,18,202003
레바논,18,202003
볼리비아,16,202003
코스타리카,16,202003
마카오,16,202003
사이프러스,15,202003
아제르바이잔,13,202003
수단,13,202003
예멘,12,202003
에스토니아,12,202003
아이슬란드,11,202003
오만,10,202003
파나마,9,202003
콩고민주공화국,9,202003
코트디부아르,9,202003
잠비아,9,202003
파라과이,9,202003
룩셈부르크,8,202003
부룬디,8,202003
그루지아,8,202003
슬로베니아,7,202003
알바니아,6,202003
몰도바,6,202003
세네갈,6,202003
온두라스,6,202003
팔라우,6,202003
바레인,6,202003
보스니아ㆍ헤르체고비나,6,202003
감비아,5,202003
니카라과,5,202003
쿠바,5,202003
부탄,5,202003
카타르,5,202003
트리니다드ㆍ토바고,5,202003
라이베리아,5,202003
마케도니아,5,202003
말리,4,202003
투르크메니스탄,4,202003
우르과이,4,202003
엘살바도르,4,202003
마다가스카르,4,202003
기니,3,202003
르완다,3,202003
나미비아,3,202003
앙골라,3,202003
유고슬라비아,3,202003
피지,3,202003
몰타,3,202003
미크로네시아,2,202003
시에라리온,2,202003
앤티가 바부다,2,202003
솔로몬군도,2,202003
바베이도스,2,202003
과테말라,2,202003
베냉,2,202003
세이셸,2,202003
파푸아뉴기니,2,202003
보츠와나,2,202003
모잠비크,1,202003
소말리아,1,202003
가봉,1,202003
나우루,1,202003
중앙아프리카공화국,1,202003
짐바브웨,1,202003
콩고,1,202003
차드,1,202003
쿠웨이트,1,202003
부르키나 파소,1,202003
도미니카연방,1,202003
바누아투,1,202003
팔레스타인,1,202003
바하마,1,202003
세인트 킷츠 네비스,1,202003
일본,211199,202002
중국,104086,202002
대만,53042,202002
미국,42439,202002
태국,31777,202002
베트남,30313,202002
러시아,22157,202002
홍콩,20966,202002
필리핀,20332,202002
말레이시아,18541,202002
인도네시아,15800,202002
캐나다,9046,202002
우즈베키스탄,6888,202002
호주,6857,202002
몽골,6399,202002
싱가포르,5909,202002
인도,5839,202002
독일,5599,202002
영국,5566,202002
프랑스,5120,202002
미얀마,4319,202002
카자흐스탄,3204,202002
캄보디아,2568,202002
네덜란드,2067,202002
뉴질랜드,1912,202002
네팔,1811,202002
터키,1784,202002
이탈리아,1718,202002
우크라이나,1618,202002
멕시코,1543,202002
폴란드,1206,202002
브라질,1188,202002
스리랑카,1088,202002
스페인,1068,202002
파키스탄,1037,202002
남아프리카공화국,1004,202002
방글라데시,996,202002
체코,828,202002
핀란드,780,202002
오스트리아,668,202002
그리스,663,202002
스웨덴,650,202002
라오스,647,202002
덴마크,640,202002
키르기스스탄,582,202002
에티오피아,581,202002
스위스,566,202002
벨기에,547,202002
마카오,503,202002
칠레,495,202002
루마니아,471,202002
아일랜드,465,202002
타지키스탄,449,202002
노르웨이,441,202002
아르헨티나,357,202002
이스라엘,352,202002
아랍에미리트,343,202002
사우디아라비아,318,202002
이집트,315,202002
페루,310,202002
콜롬비아,305,202002
모로코,300,202002
포르투갈,299,202002
헝가리,292,202002
크로아티아,286,202002
브루나이,265,202002
나이지리아,253,202002
리비아,240,202002
불가리아,218,202002
베네수엘라,186,202002
가나,180,202002
슬로바키아,179,202002
세르비아,176,202002
요르단,168,202002
에콰도르,167,202002
이란,160,202002
라트비아,159,202002
이라크,142,202002
시리아,132,202002
케냐,121,202002
코스타리카,110,202002
리투아니아,104,202002
파나마,99,202002
콩고민주공화국,98,202002
벨라루스,95,202002
튀니지,91,202002
슬로베니아,91,202002
도미니카 공화국,80,202002
수단,80,202002
볼리비아,77,202002
그루지아,70,202002
동티모로,68,202002
우간다,67,202002
알제리,65,202002
자메이카,62,202002
몬테네그로,60,202002
카메룬,59,202002
레바논,57,202002
에스토니아,55,202002
아제르바이잔,55,202002
예멘,54,202002
과테말라,53,202002
탄자니아,52,202002
코트디부아르,48,202002
알바니아,47,202002
사이프러스,46,202002
파라과이,45,202002
쿠웨이트,45,202002
세네갈,44,202002
토고,43,202002
룩셈부르크,42,202002
아프가니스탄,40,202002
온두라스,38,202002
키리바시,38,202002
오만,37,202002
엘살바도르,36,202002
몰도바,33,202002
모잠비크,33,202002
부르키나 파소,31,202002
바레인,31,202002
잠비아,31,202002
피지,30,202002
베냉,29,202002
투르크메니스탄,29,202002
콩고,28,202002
말라위,28,202002
마다가스카르,28,202002
짐바브웨,28,202002
아이슬란드,27,202002
니카라과,26,202002
우르과이,25,202002
앙골라,25,202002
유고슬라비아,24,202002
르완다,22,202002
트리니다드ㆍ토바고,22,202002
모리셔스,22,202002
부룬디,20,202002
아르메니아,19,202002
라이베리아,19,202002
보스니아ㆍ헤르체고비나,19,202002
가봉,18,202002
세인트 킷츠 네비스,17,202002
말리,17,202002
가이아나,16,202002
부탄,16,202002
중앙아프리카공화국,16,202002
몰타,15,202002
보츠와나,15,202002
카타르,15,202002
쿠바,14,202002
차드,13,202002
팔레스타인,13,202002
기니,12,202002
남수단공화국,12,202002
바베이도스,11,202002
아이티,11,202002
팔라우,10,202002
안도라,10,202002
도미니카연방,10,202002
스와질랜드,10,202002
시에라리온,9,202002
코소보,9,202002
마샬군도,9,202002
나미비아,9,202002
니제르,8,202002
세인트 루치아,7,202002
몰디브,7,202002
상투메 프린시페,7,202002
수리남,7,202002
감비아,7,202002
솔로몬군도,6,202002
레소토,6,202002
바누아투,6,202002
파푸아뉴기니,6,202002
미크로네시아,5,202002
통가,5,202002
마케도니아,5,202002
바하마,4,202002
세인트 빈센트 그레나딘,4,202002
카보베르데,4,202002
세이셸,4,202002
서사모아,3,202002
앤티가 바부다,3,202002
투발루,3,202002
나우루,2,202002
소말리아,2,202002
산마리노,2,202002
기니비사우,2,202002
벨리즈,2,202002
그레나다,2,202002
모리타니,2,202002
코모로,1,202002
적도 기니,1,202002
중국,481681,202001
일본,203969,202001
대만,110354,202001
미국,67255,202001
홍콩,66946,202001
태국,38466,202001
필리핀,30702,202001
베트남,30232,202001
러시아,28891,202001
말레이시아,27549,202001
인도네시아,19443,202001
호주,14039,202001
캐나다,13809,202001
몽골,12323,202001
싱가포르,10738,202001
인도,9249,202001
영국,9117,202001
독일,6617,202001
우즈베키스탄,6135,202001
프랑스,5982,202001
미얀마,5654,202001
마카오,5347,202001
카자흐스탄,4325,202001
캄보디아,4257,202001
뉴질랜드,3553,202001
이탈리아,2880,202001
네덜란드,2556,202001
터키,2208,202001
멕시코,2113,202001
네팔,2064,202001
우크라이나,1955,202001
브라질,1801,202001
스페인,1560,202001
폴란드,1558,202001
스리랑카,1377,202001
방글라데시,1299,202001
남아프리카공화국,1272,202001
체코,1261,202001
사우디아라비아,1057,202001
파키스탄,1014,202001
핀란드,885,202001
루마니아,856,202001
스웨덴,847,202001
이스라엘,803,202001
스위스,762,202001
벨기에,722,202001
포르투갈,720,202001
아일랜드,715,202001
아랍에미리트,713,202001
라오스,701,202001
오스트리아,690,202001
에티오피아,667,202001
덴마크,665,202001
그리스,623,202001
노르웨이,543,202001
키르기스스탄,486,202001
크로아티아,467,202001
아르헨티나,422,202001
브루나이,409,202001
칠레,383,202001
콜롬비아,376,202001
이집트,362,202001
모로코,355,202001
불가리아,351,202001
헝가리,331,202001
페루,327,202001
타지키스탄,254,202001
리비아,240,202001
세르비아,217,202001
슬로바키아,212,202001
쿠웨이트,211,202001
요르단,180,202001
라트비아,176,202001
이란,176,202001
가나,175,202001
리투아니아,173,202001
베네수엘라,158,202001
나이지리아,158,202001
이라크,156,202001
벨라루스,137,202001
몬테네그로,129,202001
에콰도르,117,202001
파나마,114,202001
튀니지,114,202001
시리아,112,202001
코스타리카,104,202001
동티모로,100,202001
케냐,99,202001
슬로베니아,97,202001
그루지아,89,202001
카타르,80,202001
도미니카 공화국,76,202001
알제리,74,202001
에스토니아,74,202001
예멘,64,202001
우간다,64,202001
카메룬,63,202001
자메이카,62,202001
아제르바이잔,58,202001
레바논,55,202001
수단,54,202001
사이프러스,53,202001
코트디부아르,53,202001
엘살바도르,53,202001
오만,52,202001
볼리비아,50,202001
탄자니아,50,202001
피지,49,202001
룩셈부르크,47,202001
알바니아,47,202001
바레인,45,202001
투르크메니스탄,42,202001
아이슬란드,40,202001
르완다,39,202001
키리바시,37,202001
과테말라,35,202001
파라과이,34,202001
아프가니스탄,33,202001
우르과이,32,202001
모잠비크,32,202001
콩고민주공화국,31,202001
모리셔스,30,202001
짐바브웨,28,202001
세네갈,28,202001
트리니다드ㆍ토바고,26,202001
도미니카연방,25,202001
부탄,25,202001
라이베리아,22,202001
베냉,22,202001
온두라스,21,202001
파푸아뉴기니,20,202001
보스니아ㆍ헤르체고비나,20,202001
니카라과,19,202001
기니,18,202001
세인트 킷츠 네비스,16,202001
마다가스카르,15,202001
잠비아,15,202001
몰타,14,202001
토고,14,202001
몰도바,14,202001
보츠와나,14,202001
유고슬라비아,13,202001
팔레스타인,13,202001
아르메니아,13,202001
감비아,12,202001
팔라우,12,202001
그레나다,11,202001
앙골라,10,202001
미크로네시아,10,202001
쿠바,10,202001
솔로몬군도,10,202001
바베이도스,9,202001
아이티,9,202001
말리,8,202001
말라위,7,202001
가이아나,7,202001
몰디브,7,202001
바하마,7,202001
가봉,7,202001
나미비아,7,202001
마샬군도,6,202001
통가,6,202001
부르키나 파소,5,202001
투발루,4,202001
바누아투,4,202001
스와질랜드,4,202001
시에라리온,4,202001
부룬디,4,202001
수리남,4,202001
세이셸,4,202001
서사모아,4,202001
마케도니아,4,202001
니제르,3,202001
기니비사우,3,202001
리히텐슈타인,3,202001
콩고,3,202001
세인트 루치아,3,202001
앤티가 바부다,3,202001
안도라,2,202001
소말리아,2,202001
코모로,2,202001
모나코,2,202001
벨리즈,1,202001
나우루,1,202001
남수단공화국,1,202001
중앙아프리카공화국,1,202001
코소보,1,202001
차드,1,202001
모리타니,1,202001
에리트리아,1,202001
중국,508877,201912
일본,255356,201912
대만,90379,201912
미국,77387,201912
홍콩,71751,201912
말레이시아,57764,201912
태국,55850,201912
필리핀,43281,201912
싱가포르,42216,201912
베트남,30721,201912
인도네시아,29716,201912
러시아,26570,201912
호주,19289,201912
캐나다,15292,201912
인도,10208,201912
몽골,10042,201912
영국,8735,201912
마카오,8342,201912
독일,7304,201912
미얀마,6900,201912
프랑스,6752,201912
우즈베키스탄,5461,201912
뉴질랜드,4355,201912
캄보디아,3822,201912
카자흐스탄,3388,201912
이탈리아,3084,201912
터키,2505,201912
네덜란드,2459,201912
멕시코,2382,201912
우크라이나,2180,201912
네팔,2180,201912
브라질,1933,201912
스페인,1733,201912
방글라데시,1597,201912
폴란드,1407,201912
브루나이,1358,201912
스리랑카,1313,201912
아랍에미리트,1306,201912
스웨덴,1290,201912
파키스탄,1159,201912
라오스,1129,201912
핀란드,1065,201912
스위스,1014,201912
포르투갈,1003,201912
남아프리카공화국,922,201912
체코,862,201912
이스라엘,839,201912
덴마크,782,201912
오스트리아,781,201912
루마니아,774,201912
벨기에,754,201912
그리스,754,201912
노르웨이,663,201912
사우디아라비아,659,201912
아일랜드,645,201912
콜롬비아,509,201912
에티오피아,491,201912
불가리아,442,201912
이집트,439,201912
헝가리,434,201912
키르기스스탄,414,201912
크로아티아,381,201912
모로코,353,201912
타지키스탄,341,201912
아르헨티나,335,201912
리비아,327,201912
페루,297,201912
칠레,290,201912
이란,253,201912
세르비아,229,201912
카타르,222,201912
나이지리아,197,201912
요르단,193,201912
이라크,188,201912
슬로바키아,182,201912
에콰도르,177,201912
쿠웨이트,163,201912
튀니지,161,201912
몬테네그로,161,201912
가나,160,201912
라트비아,156,201912
리투아니아,155,201912
시리아,150,201912
알제리,134,201912
베네수엘라,127,201912
그루지아,120,201912
케냐,112,201912
코스타리카,105,201912
벨라루스,96,201912
수단,93,201912
아제르바이잔,92,201912
탄자니아,88,201912
에스토니아,87,201912
자메이카,85,201912
과테말라,84,201912
키리바시,82,201912
사이프러스,77,201912
슬로베니아,77,201912
레바논,76,201912
피지,71,201912
도미니카 공화국,68,201912
동티모로,68,201912
오만,61,201912
모리셔스,59,201912
엘살바도르,58,201912
룩셈부르크,57,201912
온두라스,54,201912
예멘,52,201912
파나마,49,201912
바레인,48,201912
콩고민주공화국,46,201912
아프가니스탄,40,201912
아이슬란드,39,201912
카메룬,38,201912
부탄,35,201912
아르메니아,34,201912
도미니카연방,33,201912
투르크메니스탄,33,201912
우간다,32,201912
세네갈,31,201912
우르과이,31,201912
팔라우,31,201912
볼리비아,31,201912
세인트 킷츠 네비스,30,201912
몰타,30,201912
마다가스카르,29,201912
기니,29,201912
짐바브웨,28,201912
파라과이,25,201912
유고슬라비아,24,201912
알바니아,24,201912
몰디브,22,201912
미크로네시아,20,201912
말리,20,201912
몰도바,19,201912
코트디부아르,18,201912
트리니다드ㆍ토바고,18,201912
라이베리아,17,201912
앙골라,17,201912
르완다,17,201912
보스니아ㆍ헤르체고비나,16,201912
팔레스타인,14,201912
모잠비크,14,201912
모나코,13,201912
나미비아,13,201912
바베이도스,12,201912
보츠와나,12,201912
서사모아,12,201912
니카라과,11,201912
파푸아뉴기니,11,201912
잠비아,11,201912
말라위,11,201912
아이티,11,201912
니제르,11,201912
바하마,10,201912
감비아,10,201912
스와질랜드,10,201912
쿠바,10,201912
통가,9,201912
세인트 루치아,9,201912
부르키나 파소,9,201912
바누아투,9,201912
앤티가 바부다,8,201912
그레나다,6,201912
토고,6,201912
베냉,6,201912
솔로몬군도,5,201912
가봉,4,201912
기니비사우,4,201912
에리트리아,3,201912
수리남,3,201912
카보베르데,3,201912
시에라리온,3,201912
안도라,3,201912
마케도니아,3,201912
소말리아,2,201912
벨리즈,2,201912
부룬디,2,201912
가이아나,2,201912
세이셸,2,201912
레소토,1,201912
코소보,1,201912
남수단공화국,1,201912
투발루,1,201912
마샬군도,1,201912
중앙아프리카공화국,1,201912
코모로,1,201912
모리타니,1,201912
콩고,1,201912
중국,505369,201911
일본,258522,201911
대만,102241,201911
미국,82238,201911
홍콩,58600,201911
태국,49998,201911
말레이시아,49282,201911
베트남,43190,201911
필리핀,41739,201911
싱가포르,27546,201911
러시아,26708,201911
인도네시아,23760,201911
캐나다,16862,201911
호주,13346,201911
인도,12184,201911
영국,11542,201911
몽골,10519,201911
독일,9819,201911
프랑스,8111,201911
우즈베키스탄,7176,201911
미얀마,5660,201911
마카오,4896,201911
이탈리아,4422,201911
카자흐스탄,3697,201911
캄보디아,3555,201911
뉴질랜드,3365,201911
네덜란드,3188,201911
터키,2881,201911
스페인,2610,201911
멕시코,2408,201911
네팔,2265,201911
우크라이나,2146,201911
폴란드,2019,201911
브라질,1916,201911
스웨덴,1600,201911
이스라엘,1427,201911
방글라데시,1286,201911
핀란드,1206,201911
벨기에,1205,201911
라오스,1179,201911
스위스,1172,201911
덴마크,1120,201911
오스트리아,1113,201911
아랍에미리트,1110,201911
스리랑카,1070,201911
루마니아,1040,201911
파키스탄,1011,201911
체코,988,201911
포르투갈,976,201911
그리스,891,201911
사우디아라비아,879,201911
노르웨이,837,201911
아일랜드,768,201911
브루나이,705,201911
남아프리카공화국,698,201911
에티오피아,641,201911
콜롬비아,622,201911
키르기스스탄,617,201911
헝가리,608,201911
크로아티아,543,201911
이집트,537,201911
리비아,484,201911
불가리아,471,201911
슬로바키아,452,201911
타지키스탄,447,201911
모로코,447,201911
이란,402,201911
칠레,402,201911
아르헨티나,374,201911
페루,366,201911
세르비아,329,201911
요르단,277,201911
가나,255,201911
쿠웨이트,241,201911
벨라루스,223,201911
나이지리아,218,201911
이라크,212,201911
리투아니아,205,201911
케냐,186,201911
에콰도르,182,201911
라트비아,176,201911
튀니지,171,201911
베네수엘라,164,201911
몬테네그로,143,201911
코스타리카,140,201911
카타르,138,201911
시리아,136,201911
아제르바이잔,135,201911
알제리,134,201911
에스토니아,131,201911
슬로베니아,125,201911
파나마,123,201911
온두라스,121,201911
과테말라,117,201911
오만,115,201911
그루지아,113,201911
자메이카,110,201911
레바논,107,201911
탄자니아,106,201911
모리셔스,95,201911
수단,93,201911
바레인,92,201911
도미니카 공화국,90,201911
엘살바도르,84,201911
피지,81,201911
투르크메니스탄,80,201911
아이슬란드,73,201911
사이프러스,70,201911
코트디부아르,67,201911
예멘,66,201911
아프가니스탄,64,201911
카메룬,63,201911
세네갈,63,201911
우르과이,61,201911
우간다,61,201911
몰타,59,201911
쿠바,57,201911
짐바브웨,54,201911
유고슬라비아,51,201911
파푸아뉴기니,46,201911
룩셈부르크,45,201911
아르메니아,43,201911
르완다,43,201911
키리바시,37,201911
동티모로,37,201911
볼리비아,34,201911
몰도바,34,201911
세인트 킷츠 네비스,32,201911
알바니아,32,201911
부탄,30,201911
니카라과,30,201911
트리니다드ㆍ토바고,29,201911
잠비아,28,201911
파라과이,28,201911
미크로네시아,27,201911
보츠와나,26,201911
토고,25,201911
몰디브,23,201911
앙골라,22,201911
팔레스타인,22,201911
라이베리아,22,201911
팔라우,21,201911
서사모아,21,201911
통가,21,201911
보스니아ㆍ헤르체고비나,21,201911
모잠비크,20,201911
말리,19,201911
도미니카연방,18,201911
그레나다,17,201911
콩고민주공화국,17,201911
나미비아,16,201911
기니,16,201911
솔로몬군도,15,201911
마다가스카르,15,201911
바하마,15,201911
앤티가 바부다,14,201911
아이티,12,201911
가이아나,12,201911
감비아,11,201911
바누아투,10,201911
스와질랜드,9,201911
시에라리온,9,201911
세이셸,9,201911
모리타니,8,201911
세인트 루치아,8,201911
벨리즈,8,201911
코모로,7,201911
말라위,7,201911
코소보,7,201911
레소토,6,201911
부룬디,6,201911
콩고,5,201911
바베이도스,5,201911
모나코,5,201911
세인트 빈센트 그레나딘,5,201911
베냉,4,201911
마샬군도,4,201911
기니비사우,3,201911
부르키나 파소,3,201911
니제르,3,201911
리히텐슈타인,3,201911
안도라,3,201911
소말리아,3,201911
마케도니아,3,201911
수리남,2,201911
투발루,2,201911
남수단공화국,2,201911
카보베르데,1,201911
가봉,1,201911
적도 기니,1,201911
중앙아프리카공화국,1,201911
중국,567695,201910
일본,248541,201910
대만,127944,201910
미국,101099,201910
태국,65878,201910
홍콩,65544,201910
베트남,64820,201910
필리핀,55394,201910
말레이시아,45354,201910
러시아,33379,201910
인도네시아,28494,201910
싱가포르,24719,201910
캐나다,20624,201910
호주,16251,201910
영국,15911,201910
독일,13322,201910
인도,13160,201910
프랑스,12546,201910
몽골,11221,201910
우즈베키스탄,8375,201910
미얀마,5876,201910
이탈리아,4951,201910
카자흐스탄,4776,201910
마카오,4504,201910
네덜란드,4043,201910
뉴질랜드,3728,201910
캄보디아,3339,201910
스페인,3140,201910
터키,2893,201910
멕시코,2878,201910
이스라엘,2820,201910
브라질,2452,201910
우크라이나,2371,201910
폴란드,2326,201910
스웨덴,2303,201910
스위스,2137,201910
덴마크,1802,201910
네팔,1773,201910
방글라데시,1715,201910
벨기에,1505,201910
라오스,1504,201910
핀란드,1473,201910
오스트리아,1461,201910
스리랑카,1449,201910
아일랜드,1394,201910
루마니아,1295,201910
노르웨이,1218,201910
남아프리카공화국,1175,201910
포르투갈,1113,201910
체코,1051,201910
그리스,1014,201910
파키스탄,1010,201910
아랍에미리트,961,201910
칠레,863,201910
사우디아라비아,830,201910
콜롬비아,764,201910
헝가리,738,201910
키르기스스탄,705,201910
불가리아,655,201910
이집트,654,201910
에티오피아,652,201910
타지키스탄,622,201910
아르헨티나,612,201910
리비아,577,201910
세르비아,532,201910
페루,532,201910
브루나이,523,201910
이란,501,201910
크로아티아,498,201910
모로코,439,201910
요르단,340,201910
쿠웨이트,335,201910
가나,328,201910
슬로바키아,320,201910
리투아니아,316,201910
이라크,304,201910
벨라루스,264,201910
몬테네그로,254,201910
나이지리아,250,201910
에콰도르,224,201910
케냐,223,201910
마다가스카르,221,201910
에스토니아,217,201910
자메이카,212,201910
라트비아,204,201910
시리아,194,201910
베네수엘라,192,201910
모리셔스,190,201910
튀니지,190,201910
도미니카 공화국,187,201910
알제리,168,201910
파나마,164,201910
코스타리카,156,201910
슬로베니아,153,201910
아제르바이잔,152,201910
온두라스,141,201910
동티모로,127,201910
카타르,126,201910
오만,121,201910
수단,114,201910
사이프러스,113,201910
레바논,113,201910
그루지아,108,201910
탄자니아,105,201910
과테말라,99,201910
우간다,89,201910
부탄,88,201910
아이슬란드,86,201910
몰타,85,201910
짐바브웨,84,201910
피지,83,201910
코트디부아르,80,201910
예멘,77,201910
키리바시,72,201910
룩셈부르크,70,201910
엘살바도르,70,201910
아프가니스탄,68,201910
투르크메니스탄,65,201910
서사모아,64,201910
파라과이,62,201910
우르과이,58,201910
바레인,56,201910
볼리비아,56,201910
트리니다드ㆍ토바고,55,201910
유고슬라비아,55,201910
세네갈,54,201910
앙골라,53,201910
르완다,51,201910
카메룬,50,201910
보스니아ㆍ헤르체고비나,48,201910
말리,46,201910
파푸아뉴기니,45,201910
알바니아,45,201910
몰도바,44,201910
모잠비크,41,201910
아르메니아,38,201910
콩고민주공화국,38,201910
세인트 킷츠 네비스,37,201910
팔레스타인,37,201910
도미니카연방,35,201910
몰디브,34,201910
바누아투,31,201910
팔라우,29,201910
바하마,27,201910
미크로네시아,21,201910
잠비아,21,201910
니카라과,20,201910
라이베리아,19,201910
부르키나 파소,18,201910
기니,18,201910
보츠와나,17,201910
통가,16,201910
모나코,16,201910
솔로몬군도,15,201910
쿠바,14,201910
바베이도스,13,201910
세인트 빈센트 그레나딘,13,201910
아이티,13,201910
감비아,13,201910
스와질랜드,13,201910
말라위,12,201910
가이아나,12,201910
수리남,12,201910
나미비아,11,201910
토고,10,201910
그레나다,10,201910
가봉,9,201910
마샬군도,8,201910
남수단공화국,7,201910
부룬디,7,201910
차드,7,201910
적도 기니,7,201910
투발루,6,201910
베냉,6,201910
코소보,6,201910
벨리즈,6,201910
시에라리온,5,201910
나우루,5,201910
세이셸,5,201910
세인트 루치아,5,201910
앤티가 바부다,5,201910
레소토,4,201910
카보베르데,3,201910
에리트리아,3,201910
니제르,3,201910
소말리아,3,201910
모리타니,3,201910
코모로,2,201910
마케도니아,2,201910
콩고,1,201910
중앙아프리카공화국,1,201910
기니비사우,1,201910
지부티,1,201910
리히텐슈타인,1,201910
미국령 사모아,1,201910
안도라,1,201910
중국,541350,201909
일본,251119,201909
대만,102758,201909
미국,90819,201909
홍콩,45911,201909
베트남,43617,201909
필리핀,36252,201909
태국,36052,201909
러시아,30266,201909
말레이시아,28020,201909
인도네시아,19309,201909
캐나다,18213,201909
싱가포르,17745,201909
호주,17269,201909
영국,13325,201909
인도,12716,201909
독일,12670,201909
몽골,10900,201909
프랑스,10242,201909
우즈베키스탄,9056,201909
미얀마,6534,201909
카자흐스탄,4909,201909
이탈리아,4513,201909
뉴질랜드,4035,201909
캄보디아,3629,201909
네덜란드,3485,201909
스페인,3134,201909
멕시코,3038,201909
터키,2802,201909
마카오,2727,201909
네팔,2606,201909
폴란드,2570,201909
브라질,2498,201909
우크라이나,2214,201909
스리랑카,2103,201909
스웨덴,2010,201909
스위스,1923,201909
방글라데시,1880,201909
이스라엘,1837,201909
벨기에,1542,201909
파키스탄,1459,201909
오스트리아,1369,201909
핀란드,1264,201909
덴마크,1244,201909
라오스,1208,201909
남아프리카공화국,1197,201909
루마니아,1179,201909
아일랜드,1176,201909
체코,1088,201909
노르웨이,1054,201909
그리스,1023,201909
사우디아라비아,1009,201909
포르투갈,1000,201909
키르기스스탄,891,201909
아랍에미리트,862,201909
콜롬비아,838,201909
에티오피아,707,201909
칠레,647,201909
아르헨티나,645,201909
불가리아,633,201909
리비아,629,201909
헝가리,618,201909
나이지리아,588,201909
이집트,553,201909
브루나이,511,201909
크로아티아,494,201909
모로코,488,201909
페루,477,201909
타지키스탄,459,201909
이란,446,201909
에콰도르,393,201909
세르비아,384,201909
가나,382,201909
이라크,342,201909
쿠웨이트,332,201909
슬로바키아,332,201909
리투아니아,284,201909
요르단,274,201909
피지,273,201909
몬테네그로,269,201909
시리아,226,201909
벨라루스,201,201909
케냐,199,201909
알제리,184,201909
라트비아,175,201909
에스토니아,170,201909
튀니지,165,201909
베네수엘라,163,201909
슬로베니아,156,201909
동티모로,156,201909
도미니카 공화국,149,201909
마다가스카르,148,201909
자메이카,140,201909
우간다,136,201909
아제르바이잔,134,201909
파나마,134,201909
모리셔스,126,201909
그루지아,125,201909
우르과이,116,201909
코스타리카,113,201909
수단,108,201909
엘살바도르,108,201909
레바논,105,201909
탄자니아,99,201909
사이프러스,99,201909
카타르,99,201909
볼리비아,97,201909
아프가니스탄,97,201909
오만,95,201909
온두라스,95,201909
과테말라,92,201909
카메룬,90,201909
파라과이,85,201909
룩셈부르크,84,201909
아이슬란드,72,201909
예멘,70,201909
바레인,65,201909
부탄,60,201909
투르크메니스탄,59,201909
르완다,55,201909
알바니아,54,201909
서사모아,53,201909
세네갈,51,201909
짐바브웨,50,201909
몰타,48,201909
트리니다드ㆍ토바고,46,201909
키리바시,45,201909
코소보,43,201909
팔라우,42,201909
팔레스타인,41,201909
미크로네시아,40,201909
쿠바,34,201909
유고슬라비아,33,201909
아르메니아,32,201909
콩고민주공화국,29,201909
모잠비크,29,201909
코트디부아르,28,201909
잠비아,27,201909
말리,26,201909
세인트 킷츠 네비스,26,201909
니카라과,25,201909
도미니카연방,24,201909
그레나다,24,201909
아이티,24,201909
파푸아뉴기니,22,201909
바하마,22,201909
보스니아ㆍ헤르체고비나,22,201909
말라위,21,201909
몰도바,20,201909
기니,18,201909
라이베리아,18,201909
가이아나,18,201909
바누아투,16,201909
몰디브,15,201909
앙골라,15,201909
베냉,15,201909
바베이도스,15,201909
감비아,14,201909
보츠와나,14,201909
부룬디,14,201909
세인트 루치아,14,201909
통가,13,201909
리히텐슈타인,11,201909
나미비아,11,201909
투발루,9,201909
가봉,9,201909
시에라리온,8,201909
카보베르데,8,201909
토고,8,201909
솔로몬군도,8,201909
콩고,8,201909
앤티가 바부다,8,201909
벨리즈,7,201909
부르키나 파소,6,201909
안도라,6,201909
마케도니아,6,201909
소말리아,5,201909
스와질랜드,5,201909
세이셸,5,201909
수리남,5,201909
차드,5,201909
세인트 빈센트 그레나딘,4,201909
모리타니,3,201909
나우루,3,201909
코모로,3,201909
모나코,3,201909
니제르,2,201909
기니비사우,2,201909
마샬군도,2,201909
지부티,2,201909
적도 기니,1,201909
상투메 프린시페,1,201909
중앙아프리카공화국,1,201909
중국,578112,201908
일본,329652,201908
대만,109273,201908
미국,86586,201908
홍콩,65955,201908
베트남,43583,201908
필리핀,41817,201908
태국,32830,201908
러시아,28700,201908
말레이시아,20520,201908
인도네시아,18210,201908
인도,17001,201908
캐나다,16700,201908
호주,13647,201908
영국,13116,201908
싱가포르,13008,201908
프랑스,12984,201908
독일,11159,201908
몽골,9626,201908
우즈베키스탄,7983,201908
마카오,6321,201908
이탈리아,5915,201908
미얀마,5523,201908
카자흐스탄,4948,201908
스페인,4554,201908
네덜란드,3961,201908
뉴질랜드,3112,201908
터키,3015,201908
우크라이나,2904,201908
멕시코,2809,201908
캄보디아,2619,201908
사우디아라비아,2603,201908
폴란드,2326,201908
네팔,2314,201908
브라질,2188,201908
스리랑카,1916,201908
남아프리카공화국,1887,201908
방글라데시,1868,201908
스위스,1664,201908
스웨덴,1490,201908
아랍에미리트,1451,201908
루마니아,1432,201908
포르투갈,1342,201908
벨기에,1305,201908
오스트리아,1218,201908
파키스탄,1191,201908
이스라엘,1110,201908
라오스,1098,201908
핀란드,1075,201908
체코,1057,201908
덴마크,1045,201908
아일랜드,932,201908
키르기스스탄,881,201908
노르웨이,803,201908
그리스,778,201908
에티오피아,760,201908
불가리아,751,201908
콜롬비아,707,201908
헝가리,683,201908
모로코,673,201908
크로아티아,614,201908
쿠웨이트,589,201908
페루,573,201908
세르비아,551,201908
이란,526,201908
이집트,462,201908
아르헨티나,400,201908
칠레,398,201908
카타르,391,201908
브루나이,354,201908
타지키스탄,341,201908
가나,336,201908
피지,321,201908
리비아,318,201908
나이지리아,307,201908
슬로바키아,291,201908
에콰도르,288,201908
리투아니아,270,201908
온두라스,262,201908
케냐,246,201908
요르단,242,201908
벨라루스,219,201908
이라크,201,201908
몬테네그로,194,201908
튀니지,181,201908
라트비아,181,201908
베네수엘라,180,201908
코스타리카,174,201908
아제르바이잔,173,201908
시리아,159,201908
자메이카,155,201908
룩셈부르크,155,201908
세인트 루치아,149,201908
에스토니아,145,201908
탄자니아,141,201908
투르크메니스탄,138,201908
오만,138,201908
모리셔스,137,201908
슬로베니아,133,201908
그루지아,128,201908
파나마,120,201908
바레인,113,201908
르완다,112,201908
카메룬,104,201908
도미니카 공화국,102,201908
동티모로,102,201908
알제리,101,201908
우간다,100,201908
미크로네시아,96,201908
아프가니스탄,94,201908
사이프러스,92,201908
몰도바,90,201908
보스니아ㆍ헤르체고비나,89,201908
몰디브,87,201908
과테말라,86,201908
짐바브웨,85,201908
니카라과,84,201908
파라과이,81,201908
레바논,79,201908
수단,75,201908
엘살바도르,72,201908
볼리비아,71,201908
예멘,71,201908
세네갈,66,201908
코트디부아르,66,201908
트리니다드ㆍ토바고,63,201908
앙골라,61,201908
알바니아,54,201908
키리바시,54,201908
아이슬란드,51,201908
우르과이,48,201908
부탄,47,201908
팔레스타인,46,201908
콩고민주공화국,43,201908
몰타,42,201908
모잠비크,42,201908
아르메니아,41,201908
세인트 킷츠 네비스,39,201908
팔라우,38,201908
유고슬라비아,37,201908
마다가스카르,34,201908
베냉,31,201908
토고,31,201908
잠비아,29,201908
남수단공화국,26,201908
부룬디,26,201908
도미니카연방,25,201908
바누아투,25,201908
파푸아뉴기니,24,201908
세이셸,24,201908
보츠와나,24,201908
라이베리아,21,201908
아이티,21,201908
말라위,20,201908
나미비아,20,201908
쿠바,18,201908
말리,18,201908
가봉,18,201908
기니,18,201908
그레나다,17,201908
솔로몬군도,16,201908
바베이도스,15,201908
감비아,15,201908
벨리즈,14,201908
콩고,12,201908
안도라,11,201908
바하마,11,201908
스와질랜드,11,201908
투발루,11,201908
수리남,10,201908
마샬군도,10,201908
통가,8,201908
시에라리온,8,201908
레소토,8,201908
부르키나 파소,8,201908
차드,8,201908
가이아나,7,201908
상투메 프린시페,7,201908
서사모아,6,201908
소말리아,6,201908
코모로,6,201908
마케도니아,6,201908
세인트 빈센트 그레나딘,5,201908
앤티가 바부다,5,201908
니제르,4,201908
모리타니,4,201908
코소보,3,201908
산마리노,3,201908
중앙아프리카공화국,3,201908
에리트리아,2,201908
기니비사우,2,201908
리히텐슈타인,2,201908
카보베르데,2,201908
적도 기니,1,201908
지부티,1,201908
모나코,1,201908
